# https://github.com/mikedh/trimesh
v -50.00000000 -106.00000000 0.00000000 0.00000000 0.46666667 0.86666667
v -50.65438166 -105.98929175 0.00000000 0.00000000 0.46666667 0.86666667
v -51.30806258 -105.95717846 0.00000000 0.00000000 0.46274510 0.86666667
v -51.96034281 -105.90369453 0.00000000 0.00000000 0.46274510 0.87058824
v -52.61052384 -105.82889723 0.00000000 0.00000000 0.46274510 0.87058824
v -53.25790947 -105.73286664 0.00000000 0.00000000 0.46274510 0.87058824
v -53.90180644 -105.61570561 0.00000000 0.00000000 0.46274510 0.87058824
v -54.54152526 -105.47753959 0.00000000 0.00000000 0.45882353 0.87058824
v -55.17638090 -105.31851653 0.00000000 0.00000000 0.45882353 0.87058824
v -55.80569355 -105.13880671 0.00000000 0.00000000 0.45882353 0.87058824
v -56.42878931 -104.93860259 0.00000000 0.00000000 0.45882353 0.87450980
v -57.04500096 -104.71811854 0.00000000 0.00000000 0.45882353 0.87450980
v -57.65366865 -104.47759065 0.00000000 0.00000000 0.45882353 0.87450980
v -58.25414060 -104.21727650 0.00000000 0.00000000 0.45882353 0.87450980
v -58.84577380 -103.93745483 0.00000000 0.00000000 0.45490196 0.87450980
v -59.42793474 -103.63842529 0.00000000 0.00000000 0.45490196 0.87450980
v -60.00000000 -103.32050808 0.00000000 0.00000000 0.45490196 0.87450980
v -60.56135701 -102.98404363 0.00000000 0.00000000 0.45490196 0.87450980
v -61.11140466 -102.62939225 0.00000000 0.00000000 0.45490196 0.87450980
v -61.64955394 -102.25693369 0.00000000 0.00000000 0.45490196 0.87843137
v -62.17522858 -101.86706681 0.00000000 0.00000000 0.45490196 0.87843137
v -62.68786568 -101.46020907 0.00000000 0.00000000 0.45490196 0.87843137
v -63.18691630 -101.03679615 0.00000000 0.00000000 0.45490196 0.87843137
v -63.67184604 -100.59728145 0.00000000 0.00000000 0.45490196 0.87843137
v -64.14213562 -100.14213562 0.00000000 0.00000000 0.45490196 0.87843137
v -64.59728145 -99.67184604 0.00000000 0.00000000 0.45098039 0.87843137
v -65.03679615 -99.18691630 0.00000000 0.00000000 0.45098039 0.87843137
v -65.46020907 -98.68786568 0.00000000 0.00000000 0.45098039 0.87843137
v -65.86706681 -98.17522858 0.00000000 0.00000000 0.45098039 0.87843137
v -66.25693369 -97.64955394 0.00000000 0.00000000 0.45098039 0.87843137
v -66.62939225 -97.11140466 0.00000000 0.00000000 0.45098039 0.87843137
v -66.98404363 -96.56135701 0.00000000 0.00000000 0.45098039 0.87843137
v -67.32050808 -96.00000000 0.00000000 0.00000000 0.45098039 0.87843137
v -67.63842529 -95.42793474 0.00000000 0.00000000 0.45098039 0.87843137
v -67.93745483 -94.84577380 0.00000000 0.00000000 0.45098039 0.87843137
v -68.21727650 -94.25414060 0.00000000 0.00000000 0.45098039 0.87843137
v -68.47759065 -93.65366865 0.00000000 0.00000000 0.45490196 0.87843137
v -68.71811854 -93.04500096 0.00000000 0.00000000 0.45490196 0.87843137
v -68.93860259 -92.42878931 0.00000000 0.00000000 0.45490196 0.87843137
v -69.13880671 -91.80569355 0.00000000 0.00000000 0.45490196 0.87843137
v -69.31851653 -91.17638090 0.00000000 0.00000000 0.45490196 0.87843137
v -69.47753959 -90.54152526 0.00000000 0.00000000 0.45490196 0.87843137
v -69.61570561 -89.90180644 0.00000000 0.00000000 0.45490196 0.87450980
v -69.73286664 -89.25790947 0.00000000 0.00000000 0.45490196 0.87450980
v -69.82889723 -88.61052384 0.00000000 0.00000000 0.45490196 0.87450980
v -69.90369453 -87.96034281 0.00000000 0.00000000 0.45490196 0.87450980
v -69.95717846 -87.30806258 0.00000000 0.00000000 0.45490196 0.87450980
v -69.98929175 -86.65438166 0.00000000 0.00000000 0.45490196 0.87450980
v -70.00000000 -86.00000000 0.00000000 0.00000000 0.45882353 0.87450980
v -70.00000000 86.00000000 0.00000000 0.00000000 0.59607843 0.75294118
v -69.98929175 86.65438166 0.00000000 0.00000000 0.59607843 0.75294118
v -69.95717846 87.30806258 0.00000000 0.00000000 0.59607843 0.74901961
v -69.90369453 87.96034281 0.00000000 0.00000000 0.59607843 0.74901961
v -69.82889723 88.61052384 0.00000000 0.00000000 0.59607843 0.74901961
v -69.73286664 89.25790947 0.00000000 0.00000000 0.60000000 0.74901961
v -69.61570561 89.90180644 0.00000000 0.00000000 0.60000000 0.74901961
v -69.47753959 90.54152526 0.00000000 0.00000000 0.60000000 0.74901961
v -69.31851653 91.17638090 0.00000000 0.00000000 0.60000000 0.74901961
v -69.13880671 91.80569355 0.00000000 0.00000000 0.60000000 0.74509804
v -68.93860259 92.42878931 0.00000000 0.00000000 0.60392157 0.74509804
v -68.71811854 93.04500096 0.00000000 0.00000000 0.60392157 0.74509804
v -68.47759065 93.65366865 0.00000000 0.00000000 0.60392157 0.74509804
v -68.21727650 94.25414060 0.00000000 0.00000000 0.60392157 0.74509804
v -67.93745483 94.84577380 0.00000000 0.00000000 0.60392157 0.74117647
v -67.63842529 95.42793474 0.00000000 0.00000000 0.60784314 0.74117647
v -67.32050808 96.00000000 0.00000000 0.00000000 0.60784314 0.74117647
v -66.98404363 96.56135701 0.00000000 0.00000000 0.60784314 0.74117647
v -66.62939225 97.11140466 0.00000000 0.00000000 0.60784314 0.74117647
v -66.25693369 97.64955394 0.00000000 0.00000000 0.60784314 0.73725490
v -65.86706681 98.17522858 0.00000000 0.00000000 0.61176471 0.73725490
v -65.46020907 98.68786568 0.00000000 0.00000000 0.61176471 0.73725490
v -65.03679615 99.18691630 0.00000000 0.00000000 0.61176471 0.73725490
v -64.59728145 99.67184604 0.00000000 0.00000000 0.61176471 0.73725490
v -64.14213562 100.14213562 0.00000000 0.00000000 0.61568627 0.73333333
v -63.67184604 100.59728145 0.00000000 0.00000000 0.61568627 0.73333333
v -63.18691630 101.03679615 0.00000000 0.00000000 0.61568627 0.73333333
v -62.68786568 101.46020907 0.00000000 0.00000000 0.61568627 0.73333333
v -62.17522858 101.86706681 0.00000000 0.00000000 0.61960784 0.73333333
v -61.64955394 102.25693369 0.00000000 0.00000000 0.61960784 0.72941176
v -61.11140466 102.62939225 0.00000000 0.00000000 0.61960784 0.72941176
v -60.56135701 102.98404363 0.00000000 0.00000000 0.61960784 0.72941176
v -60.00000000 103.32050808 0.00000000 0.00000000 0.62352941 0.72941176
v -59.42793474 103.63842529 0.00000000 0.00000000 0.62352941 0.72941176
v -58.84577380 103.93745483 0.00000000 0.00000000 0.62352941 0.72549020
v -58.25414060 104.21727650 0.00000000 0.00000000 0.62352941 0.72549020
v -57.65366865 104.47759065 0.00000000 0.00000000 0.62745098 0.72549020
v -57.04500096 104.71811854 0.00000000 0.00000000 0.62745098 0.72549020
v -56.42878931 104.93860259 0.00000000 0.00000000 0.62745098 0.72156863
v -55.80569355 105.13880671 0.00000000 0.00000000 0.62745098 0.72156863
v -55.17638090 105.31851653 0.00000000 0.00000000 0.62745098 0.72156863
v -54.54152526 105.47753959 0.00000000 0.00000000 0.63137255 0.72156863
v -53.90180644 105.61570561 0.00000000 0.00000000 0.63137255 0.72156863
v -53.25790947 105.73286664 0.00000000 0.00000000 0.63137255 0.71764706
v -52.61052384 105.82889723 0.00000000 0.00000000 0.63137255 0.71764706
v -51.96034281 105.90369453 0.00000000 0.00000000 0.63529412 0.71764706
v -51.30806258 105.95717846 0.00000000 0.00000000 0.63529412 0.71764706
v -50.65438166 105.98929175 0.00000000 0.00000000 0.63529412 0.71764706
v -50.00000000 106.00000000 0.00000000 0.00000000 0.63529412 0.71764706
v 50.00000000 106.00000000 0.00000000 0.00000000 0.75686275 0.60784314
v 50.65438166 105.98929175 0.00000000 0.00000000 0.75686275 0.60784314
v 51.30806258 105.95717846 0.00000000 0.00000000 0.76078431 0.60784314
v 51.96034281 105.90369453 0.00000000 0.00000000 0.76078431 0.60392157
v 52.61052384 105.82889723 0.00000000 0.00000000 0.76078431 0.60392157
v 53.25790947 105.73286664 0.00000000 0.00000000 0.76078431 0.60392157
v 53.90180644 105.61570561 0.00000000 0.00000000 0.76078431 0.60392157
v 54.54152526 105.47753959 0.00000000 0.00000000 0.76470588 0.60392157
v 55.17638090 105.31851653 0.00000000 0.00000000 0.76470588 0.60392157
v 55.80569355 105.13880671 0.00000000 0.00000000 0.76470588 0.60392157
v 56.42878931 104.93860259 0.00000000 0.00000000 0.76470588 0.60000000
v 57.04500096 104.71811854 0.00000000 0.00000000 0.76470588 0.60000000
v 57.65366865 104.47759065 0.00000000 0.00000000 0.76470588 0.60000000
v 58.25414060 104.21727650 0.00000000 0.00000000 0.76470588 0.60000000
v 58.84577380 103.93745483 0.00000000 0.00000000 0.76862745 0.60000000
v 59.42793474 103.63842529 0.00000000 0.00000000 0.76862745 0.60000000
v 60.00000000 103.32050808 0.00000000 0.00000000 0.76862745 0.60000000
v 60.56135701 102.98404363 0.00000000 0.00000000 0.76862745 0.60000000
v 61.11140466 102.62939225 0.00000000 0.00000000 0.76862745 0.60000000
v 61.64955394 102.25693369 0.00000000 0.00000000 0.76862745 0.59607843
v 62.17522858 101.86706681 0.00000000 0.00000000 0.76862745 0.59607843
v 62.68786568 101.46020907 0.00000000 0.00000000 0.76862745 0.59607843
v 63.18691630 101.03679615 0.00000000 0.00000000 0.76862745 0.59607843
v 63.67184604 100.59728145 0.00000000 0.00000000 0.76862745 0.59607843
v 64.14213562 100.14213562 0.00000000 0.00000000 0.76862745 0.59607843
v 64.59728145 99.67184604 0.00000000 0.00000000 0.77254902 0.59607843
v 65.03679615 99.18691630 0.00000000 0.00000000 0.77254902 0.59607843
v 65.46020907 98.68786568 0.00000000 0.00000000 0.77254902 0.59607843
v 65.86706681 98.17522858 0.00000000 0.00000000 0.77254902 0.59607843
v 66.25693369 97.64955394 0.00000000 0.00000000 0.77254902 0.59607843
v 66.62939225 97.11140466 0.00000000 0.00000000 0.77254902 0.59607843
v 66.98404363 96.56135701 0.00000000 0.00000000 0.77254902 0.59607843
v 67.32050808 96.00000000 0.00000000 0.00000000 0.77254902 0.59607843
v 67.63842529 95.42793474 0.00000000 0.00000000 0.77254902 0.59607843
v 67.93745483 94.84577380 0.00000000 0.00000000 0.77254902 0.59607843
v 68.21727650 94.25414060 0.00000000 0.00000000 0.77254902 0.59607843
v 68.47759065 93.65366865 0.00000000 0.00000000 0.76862745 0.59607843
v 68.71811854 93.04500096 0.00000000 0.00000000 0.76862745 0.59607843
v 68.93860259 92.42878931 0.00000000 0.00000000 0.76862745 0.59607843
v 69.13880671 91.80569355 0.00000000 0.00000000 0.76862745 0.59607843
v 69.31851653 91.17638090 0.00000000 0.00000000 0.76862745 0.59607843
v 69.47753959 90.54152526 0.00000000 0.00000000 0.76862745 0.59607843
v 69.61570561 89.90180644 0.00000000 0.00000000 0.76862745 0.60000000
v 69.73286664 89.25790947 0.00000000 0.00000000 0.76862745 0.60000000
v 69.82889723 88.61052384 0.00000000 0.00000000 0.76862745 0.60000000
v 69.90369453 87.96034281 0.00000000 0.00000000 0.76862745 0.60000000
v 69.95717846 87.30806258 0.00000000 0.00000000 0.76862745 0.60000000
v 69.98929175 86.65438166 0.00000000 0.00000000 0.76862745 0.60000000
v 70.00000000 86.00000000 0.00000000 0.00000000 0.76470588 0.60000000
v 70.00000000 -86.00000000 0.00000000 0.00000000 0.62745098 0.72156863
v 69.98929175 -86.65438166 0.00000000 0.00000000 0.62745098 0.72156863
v 69.95717846 -87.30806258 0.00000000 0.00000000 0.62745098 0.72549020
v 69.90369453 -87.96034281 0.00000000 0.00000000 0.62745098 0.72549020
v 69.82889723 -88.61052384 0.00000000 0.00000000 0.62745098 0.72549020
v 69.73286664 -89.25790947 0.00000000 0.00000000 0.62352941 0.72549020
v 69.61570561 -89.90180644 0.00000000 0.00000000 0.62352941 0.72549020
v 69.47753959 -90.54152526 0.00000000 0.00000000 0.62352941 0.72549020
v 69.31851653 -91.17638090 0.00000000 0.00000000 0.62352941 0.72549020
v 69.13880671 -91.80569355 0.00000000 0.00000000 0.62352941 0.72941176
v 68.93860259 -92.42878931 0.00000000 0.00000000 0.61960784 0.72941176
v 68.71811854 -93.04500096 0.00000000 0.00000000 0.61960784 0.72941176
v 68.47759065 -93.65366865 0.00000000 0.00000000 0.61960784 0.72941176
v 68.21727650 -94.25414060 0.00000000 0.00000000 0.61960784 0.72941176
v 67.93745483 -94.84577380 0.00000000 0.00000000 0.61960784 0.73333333
v 67.63842529 -95.42793474 0.00000000 0.00000000 0.61568627 0.73333333
v 67.32050808 -96.00000000 0.00000000 0.00000000 0.61568627 0.73333333
v 66.98404363 -96.56135701 0.00000000 0.00000000 0.61568627 0.73333333
v 66.62939225 -97.11140466 0.00000000 0.00000000 0.61568627 0.73333333
v 66.25693369 -97.64955394 0.00000000 0.00000000 0.61568627 0.73725490
v 65.86706681 -98.17522858 0.00000000 0.00000000 0.61176471 0.73725490
v 65.46020907 -98.68786568 0.00000000 0.00000000 0.61176471 0.73725490
v 65.03679615 -99.18691630 0.00000000 0.00000000 0.61176471 0.73725490
v 64.59728145 -99.67184604 0.00000000 0.00000000 0.61176471 0.73725490
v 64.14213562 -100.14213562 0.00000000 0.00000000 0.60784314 0.74117647
v 63.67184604 -100.59728145 0.00000000 0.00000000 0.60784314 0.74117647
v 63.18691630 -101.03679615 0.00000000 0.00000000 0.60784314 0.74117647
v 62.68786568 -101.46020907 0.00000000 0.00000000 0.60784314 0.74117647
v 62.17522858 -101.86706681 0.00000000 0.00000000 0.60392157 0.74117647
v 61.64955394 -102.25693369 0.00000000 0.00000000 0.60392157 0.74509804
v 61.11140466 -102.62939225 0.00000000 0.00000000 0.60392157 0.74509804
v 60.56135701 -102.98404363 0.00000000 0.00000000 0.60392157 0.74509804
v 60.00000000 -103.32050808 0.00000000 0.00000000 0.60000000 0.74509804
v 59.42793474 -103.63842529 0.00000000 0.00000000 0.60000000 0.74509804
v 58.84577380 -103.93745483 0.00000000 0.00000000 0.60000000 0.74901961
v 58.25414060 -104.21727650 0.00000000 0.00000000 0.60000000 0.74901961
v 57.65366865 -104.47759065 0.00000000 0.00000000 0.59607843 0.74901961
v 57.04500096 -104.71811854 0.00000000 0.00000000 0.59607843 0.74901961
v 56.42878931 -104.93860259 0.00000000 0.00000000 0.59607843 0.75294118
v 55.80569355 -105.13880671 0.00000000 0.00000000 0.59607843 0.75294118
v 55.17638090 -105.31851653 0.00000000 0.00000000 0.59607843 0.75294118
v 54.54152526 -105.47753959 0.00000000 0.00000000 0.59215686 0.75294118
v 53.90180644 -105.61570561 0.00000000 0.00000000 0.59215686 0.75294118
v 53.25790947 -105.73286664 0.00000000 0.00000000 0.59215686 0.75686275
v 52.61052384 -105.82889723 0.00000000 0.00000000 0.59215686 0.75686275
v 51.96034281 -105.90369453 0.00000000 0.00000000 0.58823529 0.75686275
v 51.30806258 -105.95717846 0.00000000 0.00000000 0.58823529 0.75686275
v 50.65438166 -105.98929175 0.00000000 0.00000000 0.58823529 0.75686275
v 50.00000000 -106.00000000 0.00000000 0.00000000 0.58823529 0.75686275
v -50.00000000 -106.00000000 14.00000000 0.00000000 0.46666667 0.86666667
v -50.65438166 -105.98929175 14.00000000 0.00000000 0.46666667 0.86666667
v -51.30806258 -105.95717846 14.00000000 0.00000000 0.46274510 0.86666667
v -51.96034281 -105.90369453 14.00000000 0.00000000 0.46274510 0.87058824
v -52.61052384 -105.82889723 14.00000000 0.00000000 0.46274510 0.87058824
v -53.25790947 -105.73286664 14.00000000 0.00000000 0.46274510 0.87058824
v -53.90180644 -105.61570561 14.00000000 0.00000000 0.46274510 0.87058824
v -54.54152526 -105.47753959 14.00000000 0.00000000 0.45882353 0.87058824
v -55.17638090 -105.31851653 14.00000000 0.00000000 0.45882353 0.87058824
v -55.80569355 -105.13880671 14.00000000 0.00000000 0.45882353 0.87058824
v -56.42878931 -104.93860259 14.00000000 0.00000000 0.45882353 0.87450980
v -57.04500096 -104.71811854 14.00000000 0.00000000 0.45882353 0.87450980
v -57.65366865 -104.47759065 14.00000000 0.00000000 0.45882353 0.87450980
v -58.25414060 -104.21727650 14.00000000 0.00000000 0.45882353 0.87450980
v -58.84577380 -103.93745483 14.00000000 0.00000000 0.45490196 0.87450980
v -59.42793474 -103.63842529 14.00000000 0.00000000 0.45490196 0.87450980
v -60.00000000 -103.32050808 14.00000000 0.00000000 0.45490196 0.87450980
v -60.56135701 -102.98404363 14.00000000 0.00000000 0.45490196 0.87450980
v -61.11140466 -102.62939225 14.00000000 0.00000000 0.45490196 0.87450980
v -61.64955394 -102.25693369 14.00000000 0.00000000 0.45490196 0.87843137
v -62.17522858 -101.86706681 14.00000000 0.00000000 0.45490196 0.87843137
v -62.68786568 -101.46020907 14.00000000 0.00000000 0.45490196 0.87843137
v -63.18691630 -101.03679615 14.00000000 0.00000000 0.45490196 0.87843137
v -63.67184604 -100.59728145 14.00000000 0.00000000 0.45490196 0.87843137
v -64.14213562 -100.14213562 14.00000000 0.00000000 0.45490196 0.87843137
v -64.59728145 -99.67184604 14.00000000 0.00000000 0.45098039 0.87843137
v -65.03679615 -99.18691630 14.00000000 0.00000000 0.45098039 0.87843137
v -65.46020907 -98.68786568 14.00000000 0.00000000 0.45098039 0.87843137
v -65.86706681 -98.17522858 14.00000000 0.00000000 0.45098039 0.87843137
v -66.25693369 -97.64955394 14.00000000 0.00000000 0.45098039 0.87843137
v -66.62939225 -97.11140466 14.00000000 0.00000000 0.45098039 0.87843137
v -66.98404363 -96.56135701 14.00000000 0.00000000 0.45098039 0.87843137
v -67.32050808 -96.00000000 14.00000000 0.00000000 0.45098039 0.87843137
v -67.63842529 -95.42793474 14.00000000 0.00000000 0.45098039 0.87843137
v -67.93745483 -94.84577380 14.00000000 0.00000000 0.45098039 0.87843137
v -68.21727650 -94.25414060 14.00000000 0.00000000 0.45098039 0.87843137
v -68.47759065 -93.65366865 14.00000000 0.00000000 0.45490196 0.87843137
v -68.71811854 -93.04500096 14.00000000 0.00000000 0.45490196 0.87843137
v -68.93860259 -92.42878931 14.00000000 0.00000000 0.45490196 0.87843137
v -69.13880671 -91.80569355 14.00000000 0.00000000 0.45490196 0.87843137
v -69.31851653 -91.17638090 14.00000000 0.00000000 0.45490196 0.87843137
v -69.47753959 -90.54152526 14.00000000 0.00000000 0.45490196 0.87843137
v -69.61570561 -89.90180644 14.00000000 0.00000000 0.45490196 0.87450980
v -69.73286664 -89.25790947 14.00000000 0.00000000 0.45490196 0.87450980
v -69.82889723 -88.61052384 14.00000000 0.00000000 0.45490196 0.87450980
v -69.90369453 -87.96034281 14.00000000 0.00000000 0.45490196 0.87450980
v -69.95717846 -87.30806258 14.00000000 0.00000000 0.45490196 0.87450980
v -69.98929175 -86.65438166 14.00000000 0.00000000 0.45490196 0.87450980
v -70.00000000 -86.00000000 14.00000000 0.00000000 0.45882353 0.87450980
v -70.00000000 86.00000000 14.00000000 0.00000000 0.59607843 0.75294118
v -69.98929175 86.65438166 14.00000000 0.00000000 0.59607843 0.75294118
v -69.95717846 87.30806258 14.00000000 0.00000000 0.59607843 0.74901961
v -69.90369453 87.96034281 14.00000000 0.00000000 0.59607843 0.74901961
v -69.82889723 88.61052384 14.00000000 0.00000000 0.59607843 0.74901961
v -69.73286664 89.25790947 14.00000000 0.00000000 0.60000000 0.74901961
v -69.61570561 89.90180644 14.00000000 0.00000000 0.60000000 0.74901961
v -69.47753959 90.54152526 14.00000000 0.00000000 0.60000000 0.74901961
v -69.31851653 91.17638090 14.00000000 0.00000000 0.60000000 0.74901961
v -69.13880671 91.80569355 14.00000000 0.00000000 0.60000000 0.74509804
v -68.93860259 92.42878931 14.00000000 0.00000000 0.60392157 0.74509804
v -68.71811854 93.04500096 14.00000000 0.00000000 0.60392157 0.74509804
v -68.47759065 93.65366865 14.00000000 0.00000000 0.60392157 0.74509804
v -68.21727650 94.25414060 14.00000000 0.00000000 0.60392157 0.74509804
v -67.93745483 94.84577380 14.00000000 0.00000000 0.60392157 0.74117647
v -67.63842529 95.42793474 14.00000000 0.00000000 0.60784314 0.74117647
v -67.32050808 96.00000000 14.00000000 0.00000000 0.60784314 0.74117647
v -66.98404363 96.56135701 14.00000000 0.00000000 0.60784314 0.74117647
v -66.62939225 97.11140466 14.00000000 0.00000000 0.60784314 0.74117647
v -66.25693369 97.64955394 14.00000000 0.00000000 0.60784314 0.73725490
v -65.86706681 98.17522858 14.00000000 0.00000000 0.61176471 0.73725490
v -65.46020907 98.68786568 14.00000000 0.00000000 0.61176471 0.73725490
v -65.03679615 99.18691630 14.00000000 0.00000000 0.61176471 0.73725490
v -64.59728145 99.67184604 14.00000000 0.00000000 0.61176471 0.73725490
v -64.14213562 100.14213562 14.00000000 0.00000000 0.61568627 0.73333333
v -63.67184604 100.59728145 14.00000000 0.00000000 0.61568627 0.73333333
v -63.18691630 101.03679615 14.00000000 0.00000000 0.61568627 0.73333333
v -62.68786568 101.46020907 14.00000000 0.00000000 0.61568627 0.73333333
v -62.17522858 101.86706681 14.00000000 0.00000000 0.61960784 0.73333333
v -61.64955394 102.25693369 14.00000000 0.00000000 0.61960784 0.72941176
v -61.11140466 102.62939225 14.00000000 0.00000000 0.61960784 0.72941176
v -60.56135701 102.98404363 14.00000000 0.00000000 0.61960784 0.72941176
v -60.00000000 103.32050808 14.00000000 0.00000000 0.62352941 0.72941176
v -59.42793474 103.63842529 14.00000000 0.00000000 0.62352941 0.72941176
v -58.84577380 103.93745483 14.00000000 0.00000000 0.62352941 0.72549020
v -58.25414060 104.21727650 14.00000000 0.00000000 0.62352941 0.72549020
v -57.65366865 104.47759065 14.00000000 0.00000000 0.62745098 0.72549020
v -57.04500096 104.71811854 14.00000000 0.00000000 0.62745098 0.72549020
v -56.42878931 104.93860259 14.00000000 0.00000000 0.62745098 0.72156863
v -55.80569355 105.13880671 14.00000000 0.00000000 0.62745098 0.72156863
v -55.17638090 105.31851653 14.00000000 0.00000000 0.62745098 0.72156863
v -54.54152526 105.47753959 14.00000000 0.00000000 0.63137255 0.72156863
v -53.90180644 105.61570561 14.00000000 0.00000000 0.63137255 0.72156863
v -53.25790947 105.73286664 14.00000000 0.00000000 0.63137255 0.71764706
v -52.61052384 105.82889723 14.00000000 0.00000000 0.63137255 0.71764706
v -51.96034281 105.90369453 14.00000000 0.00000000 0.63529412 0.71764706
v -51.30806258 105.95717846 14.00000000 0.00000000 0.63529412 0.71764706
v -50.65438166 105.98929175 14.00000000 0.00000000 0.63529412 0.71764706
v -50.00000000 106.00000000 14.00000000 0.00000000 0.63529412 0.71764706
v 50.00000000 106.00000000 14.00000000 0.00000000 0.75686275 0.60784314
v 50.65438166 105.98929175 14.00000000 0.00000000 0.75686275 0.60784314
v 51.30806258 105.95717846 14.00000000 0.00000000 0.76078431 0.60784314
v 51.96034281 105.90369453 14.00000000 0.00000000 0.76078431 0.60392157
v 52.61052384 105.82889723 14.00000000 0.00000000 0.76078431 0.60392157
v 53.25790947 105.73286664 14.00000000 0.00000000 0.76078431 0.60392157
v 53.90180644 105.61570561 14.00000000 0.00000000 0.76078431 0.60392157
v 54.54152526 105.47753959 14.00000000 0.00000000 0.76470588 0.60392157
v 55.17638090 105.31851653 14.00000000 0.00000000 0.76470588 0.60392157
v 55.80569355 105.13880671 14.00000000 0.00000000 0.76470588 0.60392157
v 56.42878931 104.93860259 14.00000000 0.00000000 0.76470588 0.60000000
v 57.04500096 104.71811854 14.00000000 0.00000000 0.76470588 0.60000000
v 57.65366865 104.47759065 14.00000000 0.00000000 0.76470588 0.60000000
v 58.25414060 104.21727650 14.00000000 0.00000000 0.76470588 0.60000000
v 58.84577380 103.93745483 14.00000000 0.00000000 0.76862745 0.60000000
v 59.42793474 103.63842529 14.00000000 0.00000000 0.76862745 0.60000000
v 60.00000000 103.32050808 14.00000000 0.00000000 0.76862745 0.60000000
v 60.56135701 102.98404363 14.00000000 0.00000000 0.76862745 0.60000000
v 61.11140466 102.62939225 14.00000000 0.00000000 0.76862745 0.60000000
v 61.64955394 102.25693369 14.00000000 0.00000000 0.76862745 0.59607843
v 62.17522858 101.86706681 14.00000000 0.00000000 0.76862745 0.59607843
v 62.68786568 101.46020907 14.00000000 0.00000000 0.76862745 0.59607843
v 63.18691630 101.03679615 14.00000000 0.00000000 0.76862745 0.59607843
v 63.67184604 100.59728145 14.00000000 0.00000000 0.76862745 0.59607843
v 64.14213562 100.14213562 14.00000000 0.00000000 0.76862745 0.59607843
v 64.59728145 99.67184604 14.00000000 0.00000000 0.77254902 0.59607843
v 65.03679615 99.18691630 14.00000000 0.00000000 0.77254902 0.59607843
v 65.46020907 98.68786568 14.00000000 0.00000000 0.77254902 0.59607843
v 65.86706681 98.17522858 14.00000000 0.00000000 0.77254902 0.59607843
v 66.25693369 97.64955394 14.00000000 0.00000000 0.77254902 0.59607843
v 66.62939225 97.11140466 14.00000000 0.00000000 0.77254902 0.59607843
v 66.98404363 96.56135701 14.00000000 0.00000000 0.77254902 0.59607843
v 67.32050808 96.00000000 14.00000000 0.00000000 0.77254902 0.59607843
v 67.63842529 95.42793474 14.00000000 0.00000000 0.77254902 0.59607843
v 67.93745483 94.84577380 14.00000000 0.00000000 0.77254902 0.59607843
v 68.21727650 94.25414060 14.00000000 0.00000000 0.77254902 0.59607843
v 68.47759065 93.65366865 14.00000000 0.00000000 0.76862745 0.59607843
v 68.71811854 93.04500096 14.00000000 0.00000000 0.76862745 0.59607843
v 68.93860259 92.42878931 14.00000000 0.00000000 0.76862745 0.59607843
v 69.13880671 91.80569355 14.00000000 0.00000000 0.76862745 0.59607843
v 69.31851653 91.17638090 14.00000000 0.00000000 0.76862745 0.59607843
v 69.47753959 90.54152526 14.00000000 0.00000000 0.76862745 0.59607843
v 69.61570561 89.90180644 14.00000000 0.00000000 0.76862745 0.60000000
v 69.73286664 89.25790947 14.00000000 0.00000000 0.76862745 0.60000000
v 69.82889723 88.61052384 14.00000000 0.00000000 0.76862745 0.60000000
v 69.90369453 87.96034281 14.00000000 0.00000000 0.76862745 0.60000000
v 69.95717846 87.30806258 14.00000000 0.00000000 0.76862745 0.60000000
v 69.98929175 86.65438166 14.00000000 0.00000000 0.76862745 0.60000000
v 70.00000000 86.00000000 14.00000000 0.00000000 0.76470588 0.60000000
v 70.00000000 -86.00000000 14.00000000 0.00000000 0.62745098 0.72156863
v 69.98929175 -86.65438166 14.00000000 0.00000000 0.62745098 0.72156863
v 69.95717846 -87.30806258 14.00000000 0.00000000 0.62745098 0.72549020
v 69.90369453 -87.96034281 14.00000000 0.00000000 0.62745098 0.72549020
v 69.82889723 -88.61052384 14.00000000 0.00000000 0.62745098 0.72549020
v 69.73286664 -89.25790947 14.00000000 0.00000000 0.62352941 0.72549020
v 69.61570561 -89.90180644 14.00000000 0.00000000 0.62352941 0.72549020
v 69.47753959 -90.54152526 14.00000000 0.00000000 0.62352941 0.72549020
v 69.31851653 -91.17638090 14.00000000 0.00000000 0.62352941 0.72549020
v 69.13880671 -91.80569355 14.00000000 0.00000000 0.62352941 0.72941176
v 68.93860259 -92.42878931 14.00000000 0.00000000 0.61960784 0.72941176
v 68.71811854 -93.04500096 14.00000000 0.00000000 0.61960784 0.72941176
v 68.47759065 -93.65366865 14.00000000 0.00000000 0.61960784 0.72941176
v 68.21727650 -94.25414060 14.00000000 0.00000000 0.61960784 0.72941176
v 67.93745483 -94.84577380 14.00000000 0.00000000 0.61960784 0.73333333
v 67.63842529 -95.42793474 14.00000000 0.00000000 0.61568627 0.73333333
v 67.32050808 -96.00000000 14.00000000 0.00000000 0.61568627 0.73333333
v 66.98404363 -96.56135701 14.00000000 0.00000000 0.61568627 0.73333333
v 66.62939225 -97.11140466 14.00000000 0.00000000 0.61568627 0.73333333
v 66.25693369 -97.64955394 14.00000000 0.00000000 0.61568627 0.73725490
v 65.86706681 -98.17522858 14.00000000 0.00000000 0.61176471 0.73725490
v 65.46020907 -98.68786568 14.00000000 0.00000000 0.61176471 0.73725490
v 65.03679615 -99.18691630 14.00000000 0.00000000 0.61176471 0.73725490
v 64.59728145 -99.67184604 14.00000000 0.00000000 0.61176471 0.73725490
v 64.14213562 -100.14213562 14.00000000 0.00000000 0.60784314 0.74117647
v 63.67184604 -100.59728145 14.00000000 0.00000000 0.60784314 0.74117647
v 63.18691630 -101.03679615 14.00000000 0.00000000 0.60784314 0.74117647
v 62.68786568 -101.46020907 14.00000000 0.00000000 0.60784314 0.74117647
v 62.17522858 -101.86706681 14.00000000 0.00000000 0.60392157 0.74117647
v 61.64955394 -102.25693369 14.00000000 0.00000000 0.60392157 0.74509804
v 61.11140466 -102.62939225 14.00000000 0.00000000 0.60392157 0.74509804
v 60.56135701 -102.98404363 14.00000000 0.00000000 0.60392157 0.74509804
v 60.00000000 -103.32050808 14.00000000 0.00000000 0.60000000 0.74509804
v 59.42793474 -103.63842529 14.00000000 0.00000000 0.60000000 0.74509804
v 58.84577380 -103.93745483 14.00000000 0.00000000 0.60000000 0.74901961
v 58.25414060 -104.21727650 14.00000000 0.00000000 0.60000000 0.74901961
v 57.65366865 -104.47759065 14.00000000 0.00000000 0.59607843 0.74901961
v 57.04500096 -104.71811854 14.00000000 0.00000000 0.59607843 0.74901961
v 56.42878931 -104.93860259 14.00000000 0.00000000 0.59607843 0.75294118
v 55.80569355 -105.13880671 14.00000000 0.00000000 0.59607843 0.75294118
v 55.17638090 -105.31851653 14.00000000 0.00000000 0.59607843 0.75294118
v 54.54152526 -105.47753959 14.00000000 0.00000000 0.59215686 0.75294118
v 53.90180644 -105.61570561 14.00000000 0.00000000 0.59215686 0.75294118
v 53.25790947 -105.73286664 14.00000000 0.00000000 0.59215686 0.75686275
v 52.61052384 -105.82889723 14.00000000 0.00000000 0.59215686 0.75686275
v 51.96034281 -105.90369453 14.00000000 0.00000000 0.58823529 0.75686275
v 51.30806258 -105.95717846 14.00000000 0.00000000 0.58823529 0.75686275
v 50.65438166 -105.98929175 14.00000000 0.00000000 0.58823529 0.75686275
v 50.00000000 -106.00000000 14.00000000 0.00000000 0.58823529 0.75686275
v -20.70312500 18.81250000 13.60000000 1.00000000 1.00000000 1.00000000
v -20.70312500 53.18750000 13.60000000 1.00000000 1.00000000 1.00000000
v -1.95312500 36.00000000 13.60000000 1.00000000 1.00000000 1.00000000
v -20.70312500 18.81250000 22.00000000 1.00000000 1.00000000 1.00000000
v -20.70312500 53.18750000 22.00000000 1.00000000 1.00000000 1.00000000
v -1.95312500 36.00000000 22.00000000 1.00000000 1.00000000 1.00000000
v 1.95312500 36.00000000 13.60000000 1.00000000 1.00000000 1.00000000
v 20.70312500 53.18750000 13.60000000 1.00000000 1.00000000 1.00000000
v 20.70312500 18.81250000 13.60000000 1.00000000 1.00000000 1.00000000
v 1.95312500 36.00000000 22.00000000 1.00000000 1.00000000 1.00000000
v 20.70312500 53.18750000 22.00000000 1.00000000 1.00000000 1.00000000
v 20.70312500 18.81250000 22.00000000 1.00000000 1.00000000 1.00000000
v 9.02199224 -34.51924321 13.60000000 1.00000000 1.00000000 1.00000000
v 9.38486417 -34.02652005 13.60000000 1.00000000 1.00000000 1.00000000
v 9.60943564 -33.77904673 13.60000000 1.00000000 1.00000000 1.00000000
v 10.16797380 -33.33612953 13.60000000 1.00000000 1.00000000 1.00000000
v 10.50194049 -33.14068564 13.60000000 1.00000000 1.00000000 1.00000000
v 10.88037678 -32.97725986 13.60000000 1.00000000 1.00000000 1.00000000
v 11.78399903 -32.79048755 13.60000000 1.00000000 1.00000000 1.00000000
v 12.30918499 -32.76714101 13.60000000 1.00000000 1.00000000 1.00000000
v 13.01336109 -32.81316704 13.60000000 1.00000000 1.00000000 1.00000000
v 14.31365217 -33.18137532 13.60000000 1.00000000 1.00000000 1.00000000
v 14.90976714 -33.50355757 13.60000000 1.00000000 1.00000000 1.00000000
v 15.45829964 -33.91356727 13.60000000 1.00000000 1.00000000 1.00000000
v 16.37793095 -34.99506792 13.60000000 1.00000000 1.00000000 1.00000000
v 16.74902975 -35.66655886 13.60000000 1.00000000 1.00000000 1.00000000
v 17.04942190 -36.41987387 13.60000000 1.00000000 1.00000000 1.00000000
v 17.39272720 -38.16663972 13.60000000 1.00000000 1.00000000 1.00000000
v 17.43564036 -39.16009056 13.60000000 1.00000000 1.00000000 1.00000000
v 17.39383894 -40.14486983 13.60000000 1.00000000 1.00000000 1.00000000
v 17.05942755 -41.88629932 13.60000000 1.00000000 1.00000000 1.00000000
v 16.76681759 -42.64294955 13.60000000 1.00000000 1.00000000 1.00000000
v 16.40305627 -43.31710867 13.60000000 1.00000000 1.00000000 1.00000000
v 15.48876132 -44.40928202 13.60000000 1.00000000 1.00000000 1.00000000
v 14.93822768 -44.82729625 13.60000000 1.00000000 1.00000000 1.00000000
v 14.33833279 -45.15570424 13.60000000 1.00000000 1.00000000 1.00000000
v 13.01847510 -45.53102765 13.60000000 1.00000000 1.00000000 1.00000000
v 12.29851229 -45.57794308 13.60000000 1.00000000 1.00000000 1.00000000
v 11.79178121 -45.55526358 13.60000000 1.00000000 1.00000000 1.00000000
v 10.90772558 -45.37382762 13.60000000 1.00000000 1.00000000 1.00000000
v 10.53040103 -45.21507115 13.60000000 1.00000000 1.00000000 1.00000000
v 10.19265443 -45.02451892 13.60000000 1.00000000 1.00000000 1.00000000
v 9.62522235 -44.58871685 13.60000000 1.00000000 1.00000000 1.00000000
v 9.39553687 -44.34346701 13.60000000 1.00000000 1.00000000 1.00000000
v 9.02466041 -43.84807568 13.60000000 1.00000000 1.00000000 1.00000000
v 8.75161708 -43.38648124 13.60000000 1.00000000 1.00000000 1.00000000
v 8.63065977 -43.38648124 13.60000000 1.00000000 1.00000000 1.00000000
v 8.63065977 -50.00000000 13.60000000 1.00000000 1.00000000 1.00000000
v 5.73835705 -50.00000000 13.60000000 1.00000000 1.00000000 1.00000000
v 5.73835705 -32.92367400 13.60000000 1.00000000 1.00000000 1.00000000
v 8.56306598 -32.92367400 13.60000000 1.00000000 1.00000000 1.00000000
v 8.56306598 -34.97994825 13.60000000 1.00000000 1.00000000 1.00000000
v 8.75161708 -34.97994825 13.60000000 1.00000000 1.00000000 1.00000000
v 11.98366753 -43.16502264 13.60000000 1.00000000 1.00000000 1.00000000
v 12.79479301 -42.90176261 13.60000000 1.00000000 1.00000000 1.00000000
v 13.14165589 -42.67141009 13.60000000 1.00000000 1.00000000 1.00000000
v 13.45027490 -42.38213535 13.60000000 1.00000000 1.00000000 1.00000000
v 13.94477684 -41.65817028 13.60000000 1.00000000 1.00000000 1.00000000
v 14.13065977 -41.22347995 13.60000000 1.00000000 1.00000000 1.00000000
v 14.27696475 -40.74965637 13.60000000 1.00000000 1.00000000 1.00000000
v 14.44417044 -39.71262532 13.60000000 1.00000000 1.00000000 1.00000000
v 14.46507115 -39.14941785 13.60000000 1.00000000 1.00000000 1.00000000
v 14.44461514 -38.58709977 13.60000000 1.00000000 1.00000000 1.00000000
v 14.28096701 -37.55718386 13.60000000 1.00000000 1.00000000 1.00000000
v 14.13777490 -37.08958603 13.60000000 1.00000000 1.00000000 1.00000000
v 13.95344842 -36.66045440 13.60000000 1.00000000 1.00000000 1.00000000
v 13.46072526 -35.94894082 13.60000000 1.00000000 1.00000000 1.00000000
v 13.15232859 -35.66655886 13.60000000 1.00000000 1.00000000 1.00000000
v 12.80479867 -35.43931921 13.60000000 1.00000000 1.00000000 1.00000000
v 11.98833684 -35.17961675 13.60000000 1.00000000 1.00000000 1.00000000
v 11.51940492 -35.14715395 13.60000000 1.00000000 1.00000000 1.00000000
v 11.06114570 -35.17850501 13.60000000 1.00000000 1.00000000 1.00000000
v 10.25535657 -35.42931355 13.60000000 1.00000000 1.00000000 1.00000000
v 9.90782665 -35.64877102 13.60000000 1.00000000 1.00000000 1.00000000
v 9.60009702 -35.92270375 13.60000000 1.00000000 1.00000000 1.00000000
v 9.10203752 -36.61998706 13.60000000 1.00000000 1.00000000 1.00000000
v 8.91170763 -37.04333765 13.60000000 1.00000000 1.00000000 1.00000000
v 8.76384622 -37.51115783 13.60000000 1.00000000 1.00000000 1.00000000
v 8.59486174 -38.56419793 13.60000000 1.00000000 1.00000000 1.00000000
v 8.57373868 -39.14941785 13.60000000 1.00000000 1.00000000 1.00000000
v 8.59486174 -39.73708360 13.60000000 1.00000000 1.00000000 1.00000000
v 8.76384622 -40.79901763 13.60000000 1.00000000 1.00000000 1.00000000
v 8.91170763 -41.27328590 13.60000000 1.00000000 1.00000000 1.00000000
v 9.10248221 -41.70352927 13.60000000 1.00000000 1.00000000 1.00000000
v 9.60409929 -42.41326407 13.60000000 1.00000000 1.00000000 1.00000000
v 9.91494179 -42.69275550 13.60000000 1.00000000 1.00000000 1.00000000
v 10.26336109 -42.91376940 13.60000000 1.00000000 1.00000000 1.00000000
v 11.06559266 -43.16635673 13.60000000 1.00000000 1.00000000 1.00000000
v 11.51940492 -43.19793014 13.60000000 1.00000000 1.00000000 1.00000000
v 9.02199224 -34.51924321 22.00000000 1.00000000 1.00000000 1.00000000
v 9.38486417 -34.02652005 22.00000000 1.00000000 1.00000000 1.00000000
v 9.60943564 -33.77904673 22.00000000 1.00000000 1.00000000 1.00000000
v 10.16797380 -33.33612953 22.00000000 1.00000000 1.00000000 1.00000000
v 10.50194049 -33.14068564 22.00000000 1.00000000 1.00000000 1.00000000
v 10.88037678 -32.97725986 22.00000000 1.00000000 1.00000000 1.00000000
v 11.78399903 -32.79048755 22.00000000 1.00000000 1.00000000 1.00000000
v 12.30918499 -32.76714101 22.00000000 1.00000000 1.00000000 1.00000000
v 13.01336109 -32.81316704 22.00000000 1.00000000 1.00000000 1.00000000
v 14.31365217 -33.18137532 22.00000000 1.00000000 1.00000000 1.00000000
v 14.90976714 -33.50355757 22.00000000 1.00000000 1.00000000 1.00000000
v 15.45829964 -33.91356727 22.00000000 1.00000000 1.00000000 1.00000000
v 16.37793095 -34.99506792 22.00000000 1.00000000 1.00000000 1.00000000
v 16.74902975 -35.66655886 22.00000000 1.00000000 1.00000000 1.00000000
v 17.04942190 -36.41987387 22.00000000 1.00000000 1.00000000 1.00000000
v 17.39272720 -38.16663972 22.00000000 1.00000000 1.00000000 1.00000000
v 17.43564036 -39.16009056 22.00000000 1.00000000 1.00000000 1.00000000
v 17.39383894 -40.14486983 22.00000000 1.00000000 1.00000000 1.00000000
v 17.05942755 -41.88629932 22.00000000 1.00000000 1.00000000 1.00000000
v 16.76681759 -42.64294955 22.00000000 1.00000000 1.00000000 1.00000000
v 16.40305627 -43.31710867 22.00000000 1.00000000 1.00000000 1.00000000
v 15.48876132 -44.40928202 22.00000000 1.00000000 1.00000000 1.00000000
v 14.93822768 -44.82729625 22.00000000 1.00000000 1.00000000 1.00000000
v 14.33833279 -45.15570424 22.00000000 1.00000000 1.00000000 1.00000000
v 13.01847510 -45.53102765 22.00000000 1.00000000 1.00000000 1.00000000
v 12.29851229 -45.57794308 22.00000000 1.00000000 1.00000000 1.00000000
v 11.79178121 -45.55526358 22.00000000 1.00000000 1.00000000 1.00000000
v 10.90772558 -45.37382762 22.00000000 1.00000000 1.00000000 1.00000000
v 10.53040103 -45.21507115 22.00000000 1.00000000 1.00000000 1.00000000
v 10.19265443 -45.02451892 22.00000000 1.00000000 1.00000000 1.00000000
v 9.62522235 -44.58871685 22.00000000 1.00000000 1.00000000 1.00000000
v 9.39553687 -44.34346701 22.00000000 1.00000000 1.00000000 1.00000000
v 9.02466041 -43.84807568 22.00000000 1.00000000 1.00000000 1.00000000
v 8.75161708 -43.38648124 22.00000000 1.00000000 1.00000000 1.00000000
v 8.63065977 -43.38648124 22.00000000 1.00000000 1.00000000 1.00000000
v 8.63065977 -50.00000000 22.00000000 1.00000000 1.00000000 1.00000000
v 5.73835705 -50.00000000 22.00000000 1.00000000 1.00000000 1.00000000
v 5.73835705 -32.92367400 22.00000000 1.00000000 1.00000000 1.00000000
v 8.56306598 -32.92367400 22.00000000 1.00000000 1.00000000 1.00000000
v 8.56306598 -34.97994825 22.00000000 1.00000000 1.00000000 1.00000000
v 8.75161708 -34.97994825 22.00000000 1.00000000 1.00000000 1.00000000
v 11.98366753 -43.16502264 22.00000000 1.00000000 1.00000000 1.00000000
v 12.79479301 -42.90176261 22.00000000 1.00000000 1.00000000 1.00000000
v 13.14165589 -42.67141009 22.00000000 1.00000000 1.00000000 1.00000000
v 13.45027490 -42.38213535 22.00000000 1.00000000 1.00000000 1.00000000
v 13.94477684 -41.65817028 22.00000000 1.00000000 1.00000000 1.00000000
v 14.13065977 -41.22347995 22.00000000 1.00000000 1.00000000 1.00000000
v 14.27696475 -40.74965637 22.00000000 1.00000000 1.00000000 1.00000000
v 14.44417044 -39.71262532 22.00000000 1.00000000 1.00000000 1.00000000
v 14.46507115 -39.14941785 22.00000000 1.00000000 1.00000000 1.00000000
v 14.44461514 -38.58709977 22.00000000 1.00000000 1.00000000 1.00000000
v 14.28096701 -37.55718386 22.00000000 1.00000000 1.00000000 1.00000000
v 14.13777490 -37.08958603 22.00000000 1.00000000 1.00000000 1.00000000
v 13.95344842 -36.66045440 22.00000000 1.00000000 1.00000000 1.00000000
v 13.46072526 -35.94894082 22.00000000 1.00000000 1.00000000 1.00000000
v 13.15232859 -35.66655886 22.00000000 1.00000000 1.00000000 1.00000000
v 12.80479867 -35.43931921 22.00000000 1.00000000 1.00000000 1.00000000
v 11.98833684 -35.17961675 22.00000000 1.00000000 1.00000000 1.00000000
v 11.51940492 -35.14715395 22.00000000 1.00000000 1.00000000 1.00000000
v 11.06114570 -35.17850501 22.00000000 1.00000000 1.00000000 1.00000000
v 10.25535657 -35.42931355 22.00000000 1.00000000 1.00000000 1.00000000
v 9.90782665 -35.64877102 22.00000000 1.00000000 1.00000000 1.00000000
v 9.60009702 -35.92270375 22.00000000 1.00000000 1.00000000 1.00000000
v 9.10203752 -36.61998706 22.00000000 1.00000000 1.00000000 1.00000000
v 8.91170763 -37.04333765 22.00000000 1.00000000 1.00000000 1.00000000
v 8.76384622 -37.51115783 22.00000000 1.00000000 1.00000000 1.00000000
v 8.59486174 -38.56419793 22.00000000 1.00000000 1.00000000 1.00000000
v 8.57373868 -39.14941785 22.00000000 1.00000000 1.00000000 1.00000000
v 8.59486174 -39.73708360 22.00000000 1.00000000 1.00000000 1.00000000
v 8.76384622 -40.79901763 22.00000000 1.00000000 1.00000000 1.00000000
v 8.91170763 -41.27328590 22.00000000 1.00000000 1.00000000 1.00000000
v 9.10248221 -41.70352927 22.00000000 1.00000000 1.00000000 1.00000000
v 9.60409929 -42.41326407 22.00000000 1.00000000 1.00000000 1.00000000
v 9.91494179 -42.69275550 22.00000000 1.00000000 1.00000000 1.00000000
v 10.26336109 -42.91376940 22.00000000 1.00000000 1.00000000 1.00000000
v 11.06559266 -43.16635673 22.00000000 1.00000000 1.00000000 1.00000000
v 11.51940492 -43.19793014 22.00000000 1.00000000 1.00000000 1.00000000
v -27.67409848 -43.86208360 13.60000000 1.00000000 1.00000000 1.00000000
v -27.96604140 -43.36869340 13.60000000 1.00000000 1.00000000 1.00000000
v -28.19639392 -42.81638098 13.60000000 1.00000000 1.00000000 1.00000000
v -28.45965395 -41.54632924 13.60000000 1.00000000 1.00000000 1.00000000
v -28.49256145 -40.82858991 13.60000000 1.00000000 1.00000000 1.00000000
v -28.49256145 -32.92367400 13.60000000 1.00000000 1.00000000 1.00000000
v -25.60025873 -32.92367400 13.60000000 1.00000000 1.00000000 1.00000000
v -25.60025873 -40.38389392 13.60000000 1.00000000 1.00000000 1.00000000
v -25.55979140 -40.97311611 13.60000000 1.00000000 1.00000000 1.00000000
v -25.23605272 -41.95144728 13.60000000 1.00000000 1.00000000 1.00000000
v -24.95278137 -42.34055627 13.60000000 1.00000000 1.00000000 1.00000000
v -24.59702458 -42.65184347 13.60000000 1.00000000 1.00000000 1.00000000
v -23.70407503 -43.00760026 13.60000000 1.00000000 1.00000000 1.00000000
v -23.16688228 -43.05206986 13.60000000 1.00000000 1.00000000 1.00000000
v -22.79333765 -43.03139149 13.60000000 1.00000000 1.00000000 1.00000000
v -22.11028461 -42.86596459 13.60000000 1.00000000 1.00000000 1.00000000
v -21.80077620 -42.72121604 13.60000000 1.00000000 1.00000000 1.00000000
v -21.51661546 -42.53466607 13.60000000 1.00000000 1.00000000 1.00000000
v -21.04701649 -42.04550049 13.60000000 1.00000000 1.00000000 1.00000000
v -20.86157827 -41.74288486 13.60000000 1.00000000 1.00000000 1.00000000
v -20.71216041 -41.40402652 13.60000000 1.00000000 1.00000000 1.00000000
v -20.54139715 -40.63559185 13.60000000 1.00000000 1.00000000 1.00000000
v -20.52005175 -40.20601552 13.60000000 1.00000000 1.00000000 1.00000000
v -20.52005175 -32.92367400 13.60000000 1.00000000 1.00000000 1.00000000
v -17.61707633 -32.92367400 13.60000000 1.00000000 1.00000000 1.00000000
v -17.61707633 -45.35381630 13.60000000 1.00000000 1.00000000 1.00000000
v -20.36351876 -45.35381630 13.60000000 1.00000000 1.00000000 1.00000000
v -20.38842173 -42.87419146 13.60000000 1.00000000 1.00000000 1.00000000
v -20.65857455 -43.43450841 13.60000000 1.00000000 1.00000000 1.00000000
v -21.32561853 -44.35236093 13.60000000 1.00000000 1.00000000 1.00000000
v -21.72250970 -44.70989651 13.60000000 1.00000000 1.00000000 1.00000000
v -21.98510268 -44.89750263 13.60000000 1.00000000 1.00000000 1.00000000
v -22.55431355 -45.19767242 13.60000000 1.00000000 1.00000000 1.00000000
v -23.51819211 -45.46032099 13.60000000 1.00000000 1.00000000 1.00000000
v -24.23415265 -45.51034929 13.60000000 1.00000000 1.00000000 1.00000000
v -24.85316947 -45.47633005 13.60000000 1.00000000 1.00000000 1.00000000
v -25.97380336 -45.20417610 13.60000000 1.00000000 1.00000000 1.00000000
v -26.47542044 -44.96604140 13.60000000 1.00000000 1.00000000 1.00000000
v -26.92878800 -44.66075760 13.60000000 1.00000000 1.00000000 1.00000000
v -27.67409848 -43.86208360 22.00000000 1.00000000 1.00000000 1.00000000
v -27.96604140 -43.36869340 22.00000000 1.00000000 1.00000000 1.00000000
v -28.19639392 -42.81638098 22.00000000 1.00000000 1.00000000 1.00000000
v -28.45965395 -41.54632924 22.00000000 1.00000000 1.00000000 1.00000000
v -28.49256145 -40.82858991 22.00000000 1.00000000 1.00000000 1.00000000
v -28.49256145 -32.92367400 22.00000000 1.00000000 1.00000000 1.00000000
v -25.60025873 -32.92367400 22.00000000 1.00000000 1.00000000 1.00000000
v -25.60025873 -40.38389392 22.00000000 1.00000000 1.00000000 1.00000000
v -25.55979140 -40.97311611 22.00000000 1.00000000 1.00000000 1.00000000
v -25.23605272 -41.95144728 22.00000000 1.00000000 1.00000000 1.00000000
v -24.95278137 -42.34055627 22.00000000 1.00000000 1.00000000 1.00000000
v -24.59702458 -42.65184347 22.00000000 1.00000000 1.00000000 1.00000000
v -23.70407503 -43.00760026 22.00000000 1.00000000 1.00000000 1.00000000
v -23.16688228 -43.05206986 22.00000000 1.00000000 1.00000000 1.00000000
v -22.79333765 -43.03139149 22.00000000 1.00000000 1.00000000 1.00000000
v -22.11028461 -42.86596459 22.00000000 1.00000000 1.00000000 1.00000000
v -21.80077620 -42.72121604 22.00000000 1.00000000 1.00000000 1.00000000
v -21.51661546 -42.53466607 22.00000000 1.00000000 1.00000000 1.00000000
v -21.04701649 -42.04550049 22.00000000 1.00000000 1.00000000 1.00000000
v -20.86157827 -41.74288486 22.00000000 1.00000000 1.00000000 1.00000000
v -20.71216041 -41.40402652 22.00000000 1.00000000 1.00000000 1.00000000
v -20.54139715 -40.63559185 22.00000000 1.00000000 1.00000000 1.00000000
v -20.52005175 -40.20601552 22.00000000 1.00000000 1.00000000 1.00000000
v -20.52005175 -32.92367400 22.00000000 1.00000000 1.00000000 1.00000000
v -17.61707633 -32.92367400 22.00000000 1.00000000 1.00000000 1.00000000
v -17.61707633 -45.35381630 22.00000000 1.00000000 1.00000000 1.00000000
v -20.36351876 -45.35381630 22.00000000 1.00000000 1.00000000 1.00000000
v -20.38842173 -42.87419146 22.00000000 1.00000000 1.00000000 1.00000000
v -20.65857455 -43.43450841 22.00000000 1.00000000 1.00000000 1.00000000
v -21.32561853 -44.35236093 22.00000000 1.00000000 1.00000000 1.00000000
v -21.72250970 -44.70989651 22.00000000 1.00000000 1.00000000 1.00000000
v -21.98510268 -44.89750263 22.00000000 1.00000000 1.00000000 1.00000000
v -22.55431355 -45.19767242 22.00000000 1.00000000 1.00000000 1.00000000
v -23.51819211 -45.46032099 22.00000000 1.00000000 1.00000000 1.00000000
v -24.23415265 -45.51034929 22.00000000 1.00000000 1.00000000 1.00000000
v -24.85316947 -45.47633005 22.00000000 1.00000000 1.00000000 1.00000000
v -25.97380336 -45.20417610 22.00000000 1.00000000 1.00000000 1.00000000
v -26.47542044 -44.96604140 22.00000000 1.00000000 1.00000000 1.00000000
v -26.92878800 -44.66075760 22.00000000 1.00000000 1.00000000 1.00000000
v 21.56642141 -44.36258894 13.60000000 1.00000000 1.00000000 1.00000000
v 20.53472671 -43.23839748 13.60000000 1.00000000 1.00000000 1.00000000
v 20.13227684 -42.55756792 13.60000000 1.00000000 1.00000000 1.00000000
v 19.81320747 -41.80781048 13.60000000 1.00000000 1.00000000 1.00000000
v 19.44855676 -40.13219599 13.60000000 1.00000000 1.00000000 1.00000000
v 19.40297542 -39.20633894 13.60000000 1.00000000 1.00000000 1.00000000
v 19.44855676 -38.26891979 13.60000000 1.00000000 1.00000000 1.00000000
v 19.81320747 -36.57551746 13.60000000 1.00000000 1.00000000 1.00000000
v 20.13227684 -35.81953428 13.60000000 1.00000000 1.00000000 1.00000000
v 20.53472671 -35.13448011 13.60000000 1.00000000 1.00000000 1.00000000
v 21.56642141 -34.00850986 13.60000000 1.00000000 1.00000000 1.00000000
v 22.19566624 -33.56759379 13.60000000 1.00000000 1.00000000 1.00000000
v 22.53663689 -33.37998767 13.60000000 1.00000000 1.00000000 1.00000000
v 23.26327013 -33.07981788 13.60000000 1.00000000 1.00000000 1.00000000
v 24.46494987 -32.81716931 13.60000000 1.00000000 1.00000000 1.00000000
v 25.34055627 -32.76714101 13.60000000 1.00000000 1.00000000 1.00000000
v 26.22083199 -32.81716931 13.60000000 1.00000000 1.00000000 1.00000000
v 27.42701427 -33.07981788 13.60000000 1.00000000 1.00000000 1.00000000
v 28.15498161 -33.37998767 13.60000000 1.00000000 1.00000000 1.00000000
v 28.49611902 -33.56759379 13.60000000 1.00000000 1.00000000 1.00000000
v 29.12536384 -34.00850986 13.60000000 1.00000000 1.00000000 1.00000000
v 30.15705854 -35.13448011 13.60000000 1.00000000 1.00000000 1.00000000
v 30.55950841 -35.81953428 13.60000000 1.00000000 1.00000000 1.00000000
v 30.87857778 -36.57551746 13.60000000 1.00000000 1.00000000 1.00000000
v 31.24322849 -38.26891979 13.60000000 1.00000000 1.00000000 1.00000000
v 31.28880983 -39.20633894 13.60000000 1.00000000 1.00000000 1.00000000
v 31.24322849 -40.13219599 13.60000000 1.00000000 1.00000000 1.00000000
v 30.87857778 -41.80781048 13.60000000 1.00000000 1.00000000 1.00000000
v 30.55950841 -42.55756792 13.60000000 1.00000000 1.00000000 1.00000000
v 30.15705854 -43.23839748 13.60000000 1.00000000 1.00000000 1.00000000
v 29.12536384 -44.36258894 13.60000000 1.00000000 1.00000000 1.00000000
v 28.49611902 -44.80595084 13.60000000 1.00000000 1.00000000 1.00000000
v 28.15498161 -44.99439077 13.60000000 1.00000000 1.00000000 1.00000000
v 27.42701427 -45.29589465 13.60000000 1.00000000 1.00000000 1.00000000
v 26.22083199 -45.55971054 13.60000000 1.00000000 1.00000000 1.00000000
v 25.34055627 -45.60996119 13.60000000 1.00000000 1.00000000 1.00000000
v 24.46494987 -45.55971054 13.60000000 1.00000000 1.00000000 1.00000000
v 23.26327013 -45.29589465 13.60000000 1.00000000 1.00000000 1.00000000
v 22.53663689 -44.99439077 13.60000000 1.00000000 1.00000000 1.00000000
v 22.19566624 -44.80595084 13.60000000 1.00000000 1.00000000 1.00000000
v 25.82460786 -43.22794712 13.60000000 1.00000000 1.00000000 1.00000000
v 26.66597267 -42.95579318 13.60000000 1.00000000 1.00000000 1.00000000
v 27.02328590 -42.71765847 13.60000000 1.00000000 1.00000000 1.00000000
v 27.33790831 -42.42193564 13.60000000 1.00000000 1.00000000 1.00000000
v 27.83774660 -41.68907665 13.60000000 1.00000000 1.00000000 1.00000000
v 28.02296248 -41.25194049 13.60000000 1.00000000 1.00000000 1.00000000
v 28.16771103 -40.77656048 13.60000000 1.00000000 1.00000000 1.00000000
v 28.33313794 -39.74842335 13.60000000 1.00000000 1.00000000 1.00000000
v 28.35381630 -39.19566624 13.60000000 1.00000000 1.00000000 1.00000000
v 28.33313794 -38.63690572 13.60000000 1.00000000 1.00000000 1.00000000
v 28.16771103 -37.60343224 13.60000000 1.00000000 1.00000000 1.00000000
v 28.02296248 -37.12871928 13.60000000 1.00000000 1.00000000 1.00000000
v 27.83774660 -36.69002668 13.60000000 1.00000000 1.00000000 1.00000000
v 27.33790831 -35.95538891 13.60000000 1.00000000 1.00000000 1.00000000
v 27.02328590 -35.65944373 13.60000000 1.00000000 1.00000000 1.00000000
v 26.66597267 -35.42130902 13.60000000 1.00000000 1.00000000 1.00000000
v 25.82460786 -35.14915508 13.60000000 1.00000000 1.00000000 1.00000000
v 25.34055627 -35.11513583 13.60000000 1.00000000 1.00000000 1.00000000
v 24.85717173 -35.14915508 13.60000000 1.00000000 1.00000000 1.00000000
v 24.02114327 -35.42130902 13.60000000 1.00000000 1.00000000 1.00000000
v 23.66849935 -35.65944373 13.60000000 1.00000000 1.00000000 1.00000000
v 23.35832390 -35.95494421 13.60000000 1.00000000 1.00000000 1.00000000
v 22.86204318 -36.68602442 13.60000000 1.00000000 1.00000000 1.00000000
v 22.67593790 -37.12160414 13.60000000 1.00000000 1.00000000 1.00000000
v 22.53274580 -37.59542772 13.60000000 1.00000000 1.00000000 1.00000000
v 22.36909767 -38.63245876 13.60000000 1.00000000 1.00000000 1.00000000
v 22.34864166 -39.19566624 13.60000000 1.00000000 1.00000000 1.00000000
v 22.36909767 -39.74842335 13.60000000 1.00000000 1.00000000 1.00000000
v 22.53274580 -40.77656048 13.60000000 1.00000000 1.00000000 1.00000000
v 22.67593790 -41.25194049 13.60000000 1.00000000 1.00000000 1.00000000
v 22.86204318 -41.68907665 13.60000000 1.00000000 1.00000000 1.00000000
v 23.35832390 -42.42193564 13.60000000 1.00000000 1.00000000 1.00000000
v 23.66849935 -42.71765847 13.60000000 1.00000000 1.00000000 1.00000000
v 24.02114327 -42.95579318 13.60000000 1.00000000 1.00000000 1.00000000
v 24.85717173 -43.22794712 13.60000000 1.00000000 1.00000000 1.00000000
v 25.34055627 -43.26196636 13.60000000 1.00000000 1.00000000 1.00000000
v 21.56642141 -44.36258894 22.00000000 1.00000000 1.00000000 1.00000000
v 20.53472671 -43.23839748 22.00000000 1.00000000 1.00000000 1.00000000
v 20.13227684 -42.55756792 22.00000000 1.00000000 1.00000000 1.00000000
v 19.81320747 -41.80781048 22.00000000 1.00000000 1.00000000 1.00000000
v 19.44855676 -40.13219599 22.00000000 1.00000000 1.00000000 1.00000000
v 19.40297542 -39.20633894 22.00000000 1.00000000 1.00000000 1.00000000
v 19.44855676 -38.26891979 22.00000000 1.00000000 1.00000000 1.00000000
v 19.81320747 -36.57551746 22.00000000 1.00000000 1.00000000 1.00000000
v 20.13227684 -35.81953428 22.00000000 1.00000000 1.00000000 1.00000000
v 20.53472671 -35.13448011 22.00000000 1.00000000 1.00000000 1.00000000
v 21.56642141 -34.00850986 22.00000000 1.00000000 1.00000000 1.00000000
v 22.19566624 -33.56759379 22.00000000 1.00000000 1.00000000 1.00000000
v 22.53663689 -33.37998767 22.00000000 1.00000000 1.00000000 1.00000000
v 23.26327013 -33.07981788 22.00000000 1.00000000 1.00000000 1.00000000
v 24.46494987 -32.81716931 22.00000000 1.00000000 1.00000000 1.00000000
v 25.34055627 -32.76714101 22.00000000 1.00000000 1.00000000 1.00000000
v 26.22083199 -32.81716931 22.00000000 1.00000000 1.00000000 1.00000000
v 27.42701427 -33.07981788 22.00000000 1.00000000 1.00000000 1.00000000
v 28.15498161 -33.37998767 22.00000000 1.00000000 1.00000000 1.00000000
v 28.49611902 -33.56759379 22.00000000 1.00000000 1.00000000 1.00000000
v 29.12536384 -34.00850986 22.00000000 1.00000000 1.00000000 1.00000000
v 30.15705854 -35.13448011 22.00000000 1.00000000 1.00000000 1.00000000
v 30.55950841 -35.81953428 22.00000000 1.00000000 1.00000000 1.00000000
v 30.87857778 -36.57551746 22.00000000 1.00000000 1.00000000 1.00000000
v 31.24322849 -38.26891979 22.00000000 1.00000000 1.00000000 1.00000000
v 31.28880983 -39.20633894 22.00000000 1.00000000 1.00000000 1.00000000
v 31.24322849 -40.13219599 22.00000000 1.00000000 1.00000000 1.00000000
v 30.87857778 -41.80781048 22.00000000 1.00000000 1.00000000 1.00000000
v 30.55950841 -42.55756792 22.00000000 1.00000000 1.00000000 1.00000000
v 30.15705854 -43.23839748 22.00000000 1.00000000 1.00000000 1.00000000
v 29.12536384 -44.36258894 22.00000000 1.00000000 1.00000000 1.00000000
v 28.49611902 -44.80595084 22.00000000 1.00000000 1.00000000 1.00000000
v 28.15498161 -44.99439077 22.00000000 1.00000000 1.00000000 1.00000000
v 27.42701427 -45.29589465 22.00000000 1.00000000 1.00000000 1.00000000
v 26.22083199 -45.55971054 22.00000000 1.00000000 1.00000000 1.00000000
v 25.34055627 -45.60996119 22.00000000 1.00000000 1.00000000 1.00000000
v 24.46494987 -45.55971054 22.00000000 1.00000000 1.00000000 1.00000000
v 23.26327013 -45.29589465 22.00000000 1.00000000 1.00000000 1.00000000
v 22.53663689 -44.99439077 22.00000000 1.00000000 1.00000000 1.00000000
v 22.19566624 -44.80595084 22.00000000 1.00000000 1.00000000 1.00000000
v 25.82460786 -43.22794712 22.00000000 1.00000000 1.00000000 1.00000000
v 26.66597267 -42.95579318 22.00000000 1.00000000 1.00000000 1.00000000
v 27.02328590 -42.71765847 22.00000000 1.00000000 1.00000000 1.00000000
v 27.33790831 -42.42193564 22.00000000 1.00000000 1.00000000 1.00000000
v 27.83774660 -41.68907665 22.00000000 1.00000000 1.00000000 1.00000000
v 28.02296248 -41.25194049 22.00000000 1.00000000 1.00000000 1.00000000
v 28.16771103 -40.77656048 22.00000000 1.00000000 1.00000000 1.00000000
v 28.33313794 -39.74842335 22.00000000 1.00000000 1.00000000 1.00000000
v 28.35381630 -39.19566624 22.00000000 1.00000000 1.00000000 1.00000000
v 28.33313794 -38.63690572 22.00000000 1.00000000 1.00000000 1.00000000
v 28.16771103 -37.60343224 22.00000000 1.00000000 1.00000000 1.00000000
v 28.02296248 -37.12871928 22.00000000 1.00000000 1.00000000 1.00000000
v 27.83774660 -36.69002668 22.00000000 1.00000000 1.00000000 1.00000000
v 27.33790831 -35.95538891 22.00000000 1.00000000 1.00000000 1.00000000
v 27.02328590 -35.65944373 22.00000000 1.00000000 1.00000000 1.00000000
v 26.66597267 -35.42130902 22.00000000 1.00000000 1.00000000 1.00000000
v 25.82460786 -35.14915508 22.00000000 1.00000000 1.00000000 1.00000000
v 25.34055627 -35.11513583 22.00000000 1.00000000 1.00000000 1.00000000
v 24.85717173 -35.14915508 22.00000000 1.00000000 1.00000000 1.00000000
v 24.02114327 -35.42130902 22.00000000 1.00000000 1.00000000 1.00000000
v 23.66849935 -35.65944373 22.00000000 1.00000000 1.00000000 1.00000000
v 23.35832390 -35.95494421 22.00000000 1.00000000 1.00000000 1.00000000
v 22.86204318 -36.68602442 22.00000000 1.00000000 1.00000000 1.00000000
v 22.67593790 -37.12160414 22.00000000 1.00000000 1.00000000 1.00000000
v 22.53274580 -37.59542772 22.00000000 1.00000000 1.00000000 1.00000000
v 22.36909767 -38.63245876 22.00000000 1.00000000 1.00000000 1.00000000
v 22.34864166 -39.19566624 22.00000000 1.00000000 1.00000000 1.00000000
v 22.36909767 -39.74842335 22.00000000 1.00000000 1.00000000 1.00000000
v 22.53274580 -40.77656048 22.00000000 1.00000000 1.00000000 1.00000000
v 22.67593790 -41.25194049 22.00000000 1.00000000 1.00000000 1.00000000
v 22.86204318 -41.68907665 22.00000000 1.00000000 1.00000000 1.00000000
v 23.35832390 -42.42193564 22.00000000 1.00000000 1.00000000 1.00000000
v 23.66849935 -42.71765847 22.00000000 1.00000000 1.00000000 1.00000000
v 24.02114327 -42.95579318 22.00000000 1.00000000 1.00000000 1.00000000
v 24.85717173 -43.22794712 22.00000000 1.00000000 1.00000000 1.00000000
v 25.34055627 -43.26196636 22.00000000 1.00000000 1.00000000 1.00000000
v 2.67173351 -32.92367400 13.60000000 1.00000000 1.00000000 1.00000000
v 2.67173351 -45.35381630 13.60000000 1.00000000 1.00000000 1.00000000
v -0.22056921 -45.35381630 13.60000000 1.00000000 1.00000000 1.00000000
v -0.22056921 -32.92367400 13.60000000 1.00000000 1.00000000 1.00000000
v 2.67173351 -32.92367400 22.00000000 1.00000000 1.00000000 1.00000000
v 2.67173351 -45.35381630 22.00000000 1.00000000 1.00000000 1.00000000
v -0.22056921 -45.35381630 22.00000000 1.00000000 1.00000000 1.00000000
v -0.22056921 -32.92367400 22.00000000 1.00000000 1.00000000 1.00000000
v 37.52789457 -33.66275873 13.60000000 1.00000000 1.00000000 1.00000000
v 37.91300129 -33.33990944 13.60000000 1.00000000 1.00000000 1.00000000
v 38.34546814 -33.08465395 13.60000000 1.00000000 1.00000000 1.00000000
v 39.29711756 -32.79293338 13.60000000 1.00000000 1.00000000 1.00000000
v 39.81630013 -32.75646831 13.60000000 1.00000000 1.00000000 1.00000000
v 40.07511320 -32.76269405 13.60000000 1.00000000 1.00000000 1.00000000
v 40.36060802 -32.78137128 13.60000000 1.00000000 1.00000000 1.00000000
v 40.63809832 -32.80538486 13.60000000 1.00000000 1.00000000 1.00000000
v 40.87289780 -32.83473480 13.60000000 1.00000000 1.00000000 1.00000000
v 40.87289780 -35.49223803 13.60000000 1.00000000 1.00000000 1.00000000
v 40.63898771 -35.43887451 13.60000000 1.00000000 1.00000000 1.00000000
v 40.29301423 -35.39262613 13.60000000 1.00000000 1.00000000 1.00000000
v 39.89634541 -35.35793984 13.60000000 1.00000000 1.00000000 1.00000000
v 39.50323415 -35.34637775 13.60000000 1.00000000 1.00000000 1.00000000
v 39.11301342 -35.36794550 13.60000000 1.00000000 1.00000000 1.00000000
v 38.39260592 -35.54048755 13.60000000 1.00000000 1.00000000 1.00000000
v 38.06241915 -35.69146184 13.60000000 1.00000000 1.00000000 1.00000000
v 37.76113761 -35.88045763 13.60000000 1.00000000 1.00000000 1.00000000
v 37.26129932 -36.35717173 13.60000000 1.00000000 1.00000000 1.00000000
v 37.06274256 -36.64489004 13.60000000 1.00000000 1.00000000 1.00000000
v 36.90554253 -36.95884541 13.60000000 1.00000000 1.00000000 1.00000000
v 36.72588535 -37.65612872 13.60000000 1.00000000 1.00000000 1.00000000
v 36.70342820 -38.03945666 13.60000000 1.00000000 1.00000000 1.00000000
v 36.70342820 -45.35381630 13.60000000 1.00000000 1.00000000 1.00000000
v 33.81112549 -45.35381630 13.60000000 1.00000000 1.00000000 1.00000000
v 33.81112549 -32.92367400 13.60000000 1.00000000 1.00000000 1.00000000
v 36.61448900 -32.92367400 13.60000000 1.00000000 1.00000000 1.00000000
v 36.61448900 -35.00485123 13.60000000 1.00000000 1.00000000 1.00000000
v 36.74611902 -35.00485123 13.60000000 1.00000000 1.00000000 1.00000000
v 36.94445343 -34.49522962 13.60000000 1.00000000 1.00000000 1.00000000
v 37.52789457 -33.66275873 22.00000000 1.00000000 1.00000000 1.00000000
v 37.91300129 -33.33990944 22.00000000 1.00000000 1.00000000 1.00000000
v 38.34546814 -33.08465395 22.00000000 1.00000000 1.00000000 1.00000000
v 39.29711756 -32.79293338 22.00000000 1.00000000 1.00000000 1.00000000
v 39.81630013 -32.75646831 22.00000000 1.00000000 1.00000000 1.00000000
v 40.07511320 -32.76269405 22.00000000 1.00000000 1.00000000 1.00000000
v 40.36060802 -32.78137128 22.00000000 1.00000000 1.00000000 1.00000000
v 40.63809832 -32.80538486 22.00000000 1.00000000 1.00000000 1.00000000
v 40.87289780 -32.83473480 22.00000000 1.00000000 1.00000000 1.00000000
v 40.87289780 -35.49223803 22.00000000 1.00000000 1.00000000 1.00000000
v 40.63898771 -35.43887451 22.00000000 1.00000000 1.00000000 1.00000000
v 40.29301423 -35.39262613 22.00000000 1.00000000 1.00000000 1.00000000
v 39.89634541 -35.35793984 22.00000000 1.00000000 1.00000000 1.00000000
v 39.50323415 -35.34637775 22.00000000 1.00000000 1.00000000 1.00000000
v 39.11301342 -35.36794550 22.00000000 1.00000000 1.00000000 1.00000000
v 38.39260592 -35.54048755 22.00000000 1.00000000 1.00000000 1.00000000
v 38.06241915 -35.69146184 22.00000000 1.00000000 1.00000000 1.00000000
v 37.76113761 -35.88045763 22.00000000 1.00000000 1.00000000 1.00000000
v 37.26129932 -36.35717173 22.00000000 1.00000000 1.00000000 1.00000000
v 37.06274256 -36.64489004 22.00000000 1.00000000 1.00000000 1.00000000
v 36.90554253 -36.95884541 22.00000000 1.00000000 1.00000000 1.00000000
v 36.72588535 -37.65612872 22.00000000 1.00000000 1.00000000 1.00000000
v 36.70342820 -38.03945666 22.00000000 1.00000000 1.00000000 1.00000000
v 36.70342820 -45.35381630 22.00000000 1.00000000 1.00000000 1.00000000
v 33.81112549 -45.35381630 22.00000000 1.00000000 1.00000000 1.00000000
v 33.81112549 -32.92367400 22.00000000 1.00000000 1.00000000 1.00000000
v 36.61448900 -32.92367400 22.00000000 1.00000000 1.00000000 1.00000000
v 36.61448900 -35.00485123 22.00000000 1.00000000 1.00000000 1.00000000
v 36.74611902 -35.00485123 22.00000000 1.00000000 1.00000000 1.00000000
v 36.94445343 -34.49522962 22.00000000 1.00000000 1.00000000 1.00000000
v -4.74735204 -42.66496200 13.60000000 1.00000000 1.00000000 1.00000000
v -4.62128072 -42.84573092 13.60000000 1.00000000 1.00000000 1.00000000
v -4.45407503 -42.98425372 13.60000000 1.00000000 1.00000000 1.00000000
v -3.98091850 -43.14256549 13.60000000 1.00000000 1.00000000 1.00000000
v -3.67496766 -43.16235446 13.60000000 1.00000000 1.00000000 1.00000000
v -3.44372574 -43.14990298 13.60000000 1.00000000 1.00000000 1.00000000
v -3.14844761 -43.11254851 13.60000000 1.00000000 1.00000000 1.00000000
v -2.85228008 -43.06452135 13.60000000 1.00000000 1.00000000 1.00000000
v -2.61836999 -43.02005175 13.60000000 1.00000000 1.00000000 1.00000000
v -2.16300129 -45.25420440 13.60000000 1.00000000 1.00000000 1.00000000
v -2.64860931 -45.37871928 13.60000000 1.00000000 1.00000000 1.00000000
v -3.14489004 -45.46054334 13.60000000 1.00000000 1.00000000 1.00000000
v -3.63227684 -45.50590233 13.60000000 1.00000000 1.00000000 1.00000000
v -4.09831824 -45.52102199 13.60000000 1.00000000 1.00000000 1.00000000
v -4.53267505 -45.50712524 13.60000000 1.00000000 1.00000000 1.00000000
v -5.32334452 -45.39595125 13.60000000 1.00000000 1.00000000 1.00000000
v -6.00995513 -45.17360325 13.60000000 1.00000000 1.00000000 1.00000000
v -6.59250687 -44.84008126 13.60000000 1.00000000 1.00000000 1.00000000
v -6.84476067 -44.63163001 13.60000000 1.00000000 1.00000000 1.00000000
v -7.06905421 -44.39744199 13.60000000 1.00000000 1.00000000 1.00000000
v -7.42792388 -43.85802575 13.60000000 1.00000000 1.00000000 1.00000000
v -7.66717032 -43.22388927 13.60000000 1.00000000 1.00000000 1.00000000
v -7.78679354 -42.49503254 13.60000000 1.00000000 1.00000000 1.00000000
v -7.80174644 -42.09508409 13.60000000 1.00000000 1.00000000 1.00000000
v -7.80174644 -35.19340233 13.60000000 1.00000000 1.00000000 1.00000000
v -9.56630013 -35.19340233 13.60000000 1.00000000 1.00000000 1.00000000
v -9.56630013 -32.92367400 13.60000000 1.00000000 1.00000000 1.00000000
v -7.80174644 -32.92367400 13.60000000 1.00000000 1.00000000 1.00000000
v -7.80174644 -29.96733506 13.60000000 1.00000000 1.00000000 1.00000000
v -4.90944373 -29.96733506 13.60000000 1.00000000 1.00000000 1.00000000
v -4.90944373 -32.92367400 13.60000000 1.00000000 1.00000000 1.00000000
v -2.50808538 -32.92367400 13.60000000 1.00000000 1.00000000 1.00000000
v -2.50808538 -35.19340233 13.60000000 1.00000000 1.00000000 1.00000000
v -4.90944373 -35.19340233 13.60000000 1.00000000 1.00000000 1.00000000
v -4.90944373 -41.85316947 13.60000000 1.00000000 1.00000000 1.00000000
v -4.89143354 -42.16868127 13.60000000 1.00000000 1.00000000 1.00000000
v -4.74735204 -42.66496200 22.00000000 1.00000000 1.00000000 1.00000000
v -4.62128072 -42.84573092 22.00000000 1.00000000 1.00000000 1.00000000
v -4.45407503 -42.98425372 22.00000000 1.00000000 1.00000000 1.00000000
v -3.98091850 -43.14256549 22.00000000 1.00000000 1.00000000 1.00000000
v -3.67496766 -43.16235446 22.00000000 1.00000000 1.00000000 1.00000000
v -3.44372574 -43.14990298 22.00000000 1.00000000 1.00000000 1.00000000
v -3.14844761 -43.11254851 22.00000000 1.00000000 1.00000000 1.00000000
v -2.85228008 -43.06452135 22.00000000 1.00000000 1.00000000 1.00000000
v -2.61836999 -43.02005175 22.00000000 1.00000000 1.00000000 1.00000000
v -2.16300129 -45.25420440 22.00000000 1.00000000 1.00000000 1.00000000
v -2.64860931 -45.37871928 22.00000000 1.00000000 1.00000000 1.00000000
v -3.14489004 -45.46054334 22.00000000 1.00000000 1.00000000 1.00000000
v -3.63227684 -45.50590233 22.00000000 1.00000000 1.00000000 1.00000000
v -4.09831824 -45.52102199 22.00000000 1.00000000 1.00000000 1.00000000
v -4.53267505 -45.50712524 22.00000000 1.00000000 1.00000000 1.00000000
v -5.32334452 -45.39595125 22.00000000 1.00000000 1.00000000 1.00000000
v -6.00995513 -45.17360325 22.00000000 1.00000000 1.00000000 1.00000000
v -6.59250687 -44.84008126 22.00000000 1.00000000 1.00000000 1.00000000
v -6.84476067 -44.63163001 22.00000000 1.00000000 1.00000000 1.00000000
v -7.06905421 -44.39744199 22.00000000 1.00000000 1.00000000 1.00000000
v -7.42792388 -43.85802575 22.00000000 1.00000000 1.00000000 1.00000000
v -7.66717032 -43.22388927 22.00000000 1.00000000 1.00000000 1.00000000
v -7.78679354 -42.49503254 22.00000000 1.00000000 1.00000000 1.00000000
v -7.80174644 -42.09508409 22.00000000 1.00000000 1.00000000 1.00000000
v -7.80174644 -35.19340233 22.00000000 1.00000000 1.00000000 1.00000000
v -9.56630013 -35.19340233 22.00000000 1.00000000 1.00000000 1.00000000
v -9.56630013 -32.92367400 22.00000000 1.00000000 1.00000000 1.00000000
v -7.80174644 -32.92367400 22.00000000 1.00000000 1.00000000 1.00000000
v -7.80174644 -29.96733506 22.00000000 1.00000000 1.00000000 1.00000000
v -4.90944373 -29.96733506 22.00000000 1.00000000 1.00000000 1.00000000
v -4.90944373 -32.92367400 22.00000000 1.00000000 1.00000000 1.00000000
v -2.50808538 -32.92367400 22.00000000 1.00000000 1.00000000 1.00000000
v -2.50808538 -35.19340233 22.00000000 1.00000000 1.00000000 1.00000000
v -4.90944373 -35.19340233 22.00000000 1.00000000 1.00000000 1.00000000
v -4.90944373 -41.85316947 22.00000000 1.00000000 1.00000000 1.00000000
v -4.89143354 -42.16868127 22.00000000 1.00000000 1.00000000 1.00000000
v 46.77334654 -42.66496200 13.60000000 1.00000000 1.00000000 1.00000000
v 46.89941785 -42.84573092 13.60000000 1.00000000 1.00000000 1.00000000
v 47.06662354 -42.98425372 13.60000000 1.00000000 1.00000000 1.00000000
v 47.53978008 -43.14256549 13.60000000 1.00000000 1.00000000 1.00000000
v 47.84573092 -43.16235446 13.60000000 1.00000000 1.00000000 1.00000000
v 48.07697283 -43.14990298 13.60000000 1.00000000 1.00000000 1.00000000
v 48.37225097 -43.11254851 13.60000000 1.00000000 1.00000000 1.00000000
v 48.66841850 -43.06452135 13.60000000 1.00000000 1.00000000 1.00000000
v 48.90232859 -43.02005175 13.60000000 1.00000000 1.00000000 1.00000000
v 49.35769728 -45.25420440 13.60000000 1.00000000 1.00000000 1.00000000
v 48.87208926 -45.37871928 13.60000000 1.00000000 1.00000000 1.00000000
v 48.37580854 -45.46054334 13.60000000 1.00000000 1.00000000 1.00000000
v 47.88842173 -45.50590233 13.60000000 1.00000000 1.00000000 1.00000000
v 47.42238034 -45.52102199 13.60000000 1.00000000 1.00000000 1.00000000
v 46.98802353 -45.50712524 13.60000000 1.00000000 1.00000000 1.00000000
v 46.19735406 -45.39595125 13.60000000 1.00000000 1.00000000 1.00000000
v 45.51074345 -45.17360325 13.60000000 1.00000000 1.00000000 1.00000000
v 44.92819170 -44.84008126 13.60000000 1.00000000 1.00000000 1.00000000
v 44.67593790 -44.63163001 13.60000000 1.00000000 1.00000000 1.00000000
v 44.45164436 -44.39744199 13.60000000 1.00000000 1.00000000 1.00000000
v 44.09277470 -43.85802575 13.60000000 1.00000000 1.00000000 1.00000000
v 43.85352826 -43.22388927 13.60000000 1.00000000 1.00000000 1.00000000
v 43.73390504 -42.49503254 13.60000000 1.00000000 1.00000000 1.00000000
v 43.71895213 -42.09508409 13.60000000 1.00000000 1.00000000 1.00000000
v 43.71895213 -35.19340233 13.60000000 1.00000000 1.00000000 1.00000000
v 41.95439845 -35.19340233 13.60000000 1.00000000 1.00000000 1.00000000
v 41.95439845 -32.92367400 13.60000000 1.00000000 1.00000000 1.00000000
v 43.71895213 -32.92367400 13.60000000 1.00000000 1.00000000 1.00000000
v 43.71895213 -29.96733506 13.60000000 1.00000000 1.00000000 1.00000000
v 46.61125485 -29.96733506 13.60000000 1.00000000 1.00000000 1.00000000
v 46.61125485 -32.92367400 13.60000000 1.00000000 1.00000000 1.00000000
v 49.01261320 -32.92367400 13.60000000 1.00000000 1.00000000 1.00000000
v 49.01261320 -35.19340233 13.60000000 1.00000000 1.00000000 1.00000000
v 46.61125485 -35.19340233 13.60000000 1.00000000 1.00000000 1.00000000
v 46.61125485 -41.85316947 13.60000000 1.00000000 1.00000000 1.00000000
v 46.62926504 -42.16868127 13.60000000 1.00000000 1.00000000 1.00000000
v 46.77334654 -42.66496200 22.00000000 1.00000000 1.00000000 1.00000000
v 46.89941785 -42.84573092 22.00000000 1.00000000 1.00000000 1.00000000
v 47.06662354 -42.98425372 22.00000000 1.00000000 1.00000000 1.00000000
v 47.53978008 -43.14256549 22.00000000 1.00000000 1.00000000 1.00000000
v 47.84573092 -43.16235446 22.00000000 1.00000000 1.00000000 1.00000000
v 48.07697283 -43.14990298 22.00000000 1.00000000 1.00000000 1.00000000
v 48.37225097 -43.11254851 22.00000000 1.00000000 1.00000000 1.00000000
v 48.66841850 -43.06452135 22.00000000 1.00000000 1.00000000 1.00000000
v 48.90232859 -43.02005175 22.00000000 1.00000000 1.00000000 1.00000000
v 49.35769728 -45.25420440 22.00000000 1.00000000 1.00000000 1.00000000
v 48.87208926 -45.37871928 22.00000000 1.00000000 1.00000000 1.00000000
v 48.37580854 -45.46054334 22.00000000 1.00000000 1.00000000 1.00000000
v 47.88842173 -45.50590233 22.00000000 1.00000000 1.00000000 1.00000000
v 47.42238034 -45.52102199 22.00000000 1.00000000 1.00000000 1.00000000
v 46.98802353 -45.50712524 22.00000000 1.00000000 1.00000000 1.00000000
v 46.19735406 -45.39595125 22.00000000 1.00000000 1.00000000 1.00000000
v 45.51074345 -45.17360325 22.00000000 1.00000000 1.00000000 1.00000000
v 44.92819170 -44.84008126 22.00000000 1.00000000 1.00000000 1.00000000
v 44.67593790 -44.63163001 22.00000000 1.00000000 1.00000000 1.00000000
v 44.45164436 -44.39744199 22.00000000 1.00000000 1.00000000 1.00000000
v 44.09277470 -43.85802575 22.00000000 1.00000000 1.00000000 1.00000000
v 43.85352826 -43.22388927 22.00000000 1.00000000 1.00000000 1.00000000
v 43.73390504 -42.49503254 22.00000000 1.00000000 1.00000000 1.00000000
v 43.71895213 -42.09508409 22.00000000 1.00000000 1.00000000 1.00000000
v 43.71895213 -35.19340233 22.00000000 1.00000000 1.00000000 1.00000000
v 41.95439845 -35.19340233 22.00000000 1.00000000 1.00000000 1.00000000
v 41.95439845 -32.92367400 22.00000000 1.00000000 1.00000000 1.00000000
v 43.71895213 -32.92367400 22.00000000 1.00000000 1.00000000 1.00000000
v 43.71895213 -29.96733506 22.00000000 1.00000000 1.00000000 1.00000000
v 46.61125485 -29.96733506 22.00000000 1.00000000 1.00000000 1.00000000
v 46.61125485 -32.92367400 22.00000000 1.00000000 1.00000000 1.00000000
v 49.01261320 -32.92367400 22.00000000 1.00000000 1.00000000 1.00000000
v 49.01261320 -35.19340233 22.00000000 1.00000000 1.00000000 1.00000000
v 46.61125485 -35.19340233 22.00000000 1.00000000 1.00000000 1.00000000
v 46.61125485 -41.85316947 22.00000000 1.00000000 1.00000000 1.00000000
v 46.62926504 -42.16868127 22.00000000 1.00000000 1.00000000 1.00000000
v -41.37095731 -38.56597671 13.60000000 1.00000000 1.00000000 1.00000000
v -41.16195019 -39.34597348 13.60000000 1.00000000 1.00000000 1.00000000
v -40.94760673 -40.18467012 13.60000000 1.00000000 1.00000000 1.00000000
v -40.73504204 -41.04115459 13.60000000 1.00000000 1.00000000 1.00000000
v -40.53137128 -41.87451488 13.60000000 1.00000000 1.00000000 1.00000000
v -40.52069858 -41.94121928 13.60000000 1.00000000 1.00000000 1.00000000
v -40.51002587 -42.00614489 13.60000000 1.00000000 1.00000000 1.00000000
v -40.49579560 -41.95189198 13.60000000 1.00000000 1.00000000 1.00000000
v -40.47445019 -41.89586028 13.60000000 1.00000000 1.00000000 1.00000000
v -40.27878396 -41.06961514 13.60000000 1.00000000 1.00000000 1.00000000
v -40.06888745 -40.21313066 13.60000000 1.00000000 1.00000000 1.00000000
v -39.85543338 -39.36820828 13.60000000 1.00000000 1.00000000 1.00000000
v -39.64909444 -38.58376455 13.60000000 1.00000000 1.00000000 1.00000000
v -39.45520699 -37.89359638 13.60000000 1.00000000 1.00000000 1.00000000
v -39.28622251 -37.33861578 13.60000000 1.00000000 1.00000000 1.00000000
v -36.17335058 -28.78978008 13.60000000 1.00000000 1.00000000 1.00000000
v -31.69437257 -28.78978008 13.60000000 1.00000000 1.00000000 1.00000000
v -31.69437257 -45.35381630 13.60000000 1.00000000 1.00000000 1.00000000
v -34.65071151 -45.35381630 13.60000000 1.00000000 1.00000000 1.00000000
v -34.65071151 -36.99353169 13.60000000 1.00000000 1.00000000 1.00000000
v -34.64804334 -36.40475420 13.60000000 1.00000000 1.00000000 1.00000000
v -34.64003881 -35.70569211 13.60000000 1.00000000 1.00000000 1.00000000
v -34.62669793 -34.92035899 13.60000000 1.00000000 1.00000000 1.00000000
v -34.60802070 -34.07988357 13.60000000 1.00000000 1.00000000 1.00000000
v -34.58400712 -33.20650065 13.60000000 1.00000000 1.00000000 1.00000000
v -34.56177232 -32.32244502 13.60000000 1.00000000 1.00000000 1.00000000
v -34.55376779 -31.89642626 13.60000000 1.00000000 1.00000000 1.00000000
v -34.55109961 -31.47930142 13.60000000 1.00000000 1.00000000 1.00000000
v -34.67561449 -31.95690492 13.60000000 1.00000000 1.00000000 1.00000000
v -34.80724450 -32.43628719 13.60000000 1.00000000 1.00000000 1.00000000
v -35.07139392 -33.34257762 13.60000000 1.00000000 1.00000000 1.00000000
v -35.33020699 -34.21862872 13.60000000 1.00000000 1.00000000 1.00000000
v -35.57656856 -35.04576326 13.60000000 1.00000000 1.00000000 1.00000000
v -35.81047865 -35.80530401 13.60000000 1.00000000 1.00000000 1.00000000
v -36.02304334 -36.46345408 13.60000000 1.00000000 1.00000000 1.00000000
v -36.20536869 -36.99353169 13.60000000 1.00000000 1.00000000 1.00000000
v -39.26487710 -45.35381630 13.60000000 1.00000000 1.00000000 1.00000000
v -41.78719276 -45.35381630 13.60000000 1.00000000 1.00000000 1.00000000
v -44.88939198 -36.99353169 13.60000000 1.00000000 1.00000000 1.00000000
v -45.07171734 -36.46790103 13.60000000 1.00000000 1.00000000 1.00000000
v -45.28428202 -35.82309185 13.60000000 1.00000000 1.00000000 1.00000000
v -45.52086028 -35.07867076 13.60000000 1.00000000 1.00000000 1.00000000
v -45.77522639 -34.26131953 13.60000000 1.00000000 1.00000000 1.00000000
v -46.03403946 -33.38437904 13.60000000 1.00000000 1.00000000 1.00000000
v -46.29107374 -32.46830530 13.60000000 1.00000000 1.00000000 1.00000000
v -46.42092497 -32.01560479 13.60000000 1.00000000 1.00000000 1.00000000
v -46.54721863 -31.56824062 13.60000000 1.00000000 1.00000000 1.00000000
v -46.54366106 -31.90798836 13.60000000 1.00000000 1.00000000 1.00000000
v -46.53298836 -32.25840880 13.60000000 1.00000000 1.00000000 1.00000000
v -46.51342173 -33.13712807 13.60000000 1.00000000 1.00000000 1.00000000
v -46.49741268 -34.01584735 13.60000000 1.00000000 1.00000000 1.00000000
v -46.47962484 -34.86610608 13.60000000 1.00000000 1.00000000 1.00000000
v -46.46183700 -35.66655886 13.60000000 1.00000000 1.00000000 1.00000000
v -46.44849612 -36.38429819 13.60000000 1.00000000 1.00000000 1.00000000
v -46.44404916 -36.99353169 13.60000000 1.00000000 1.00000000 1.00000000
v -46.44404916 -45.35381630 13.60000000 1.00000000 1.00000000 1.00000000
v -49.35769728 -45.35381630 13.60000000 1.00000000 1.00000000 1.00000000
v -49.35769728 -28.78978008 13.60000000 1.00000000 1.00000000 1.00000000
v -44.88939198 -28.78978008 13.60000000 1.00000000 1.00000000 1.00000000
v -41.74450194 -37.33861578 13.60000000 1.00000000 1.00000000 1.00000000
v -41.56751294 -37.88381307 13.60000000 1.00000000 1.00000000 1.00000000
v -41.37095731 -38.56597671 22.00000000 1.00000000 1.00000000 1.00000000
v -41.16195019 -39.34597348 22.00000000 1.00000000 1.00000000 1.00000000
v -40.94760673 -40.18467012 22.00000000 1.00000000 1.00000000 1.00000000
v -40.73504204 -41.04115459 22.00000000 1.00000000 1.00000000 1.00000000
v -40.53137128 -41.87451488 22.00000000 1.00000000 1.00000000 1.00000000
v -40.52069858 -41.94121928 22.00000000 1.00000000 1.00000000 1.00000000
v -40.51002587 -42.00614489 22.00000000 1.00000000 1.00000000 1.00000000
v -40.49579560 -41.95189198 22.00000000 1.00000000 1.00000000 1.00000000
v -40.47445019 -41.89586028 22.00000000 1.00000000 1.00000000 1.00000000
v -40.27878396 -41.06961514 22.00000000 1.00000000 1.00000000 1.00000000
v -40.06888745 -40.21313066 22.00000000 1.00000000 1.00000000 1.00000000
v -39.85543338 -39.36820828 22.00000000 1.00000000 1.00000000 1.00000000
v -39.64909444 -38.58376455 22.00000000 1.00000000 1.00000000 1.00000000
v -39.45520699 -37.89359638 22.00000000 1.00000000 1.00000000 1.00000000
v -39.28622251 -37.33861578 22.00000000 1.00000000 1.00000000 1.00000000
v -36.17335058 -28.78978008 22.00000000 1.00000000 1.00000000 1.00000000
v -31.69437257 -28.78978008 22.00000000 1.00000000 1.00000000 1.00000000
v -31.69437257 -45.35381630 22.00000000 1.00000000 1.00000000 1.00000000
v -34.65071151 -45.35381630 22.00000000 1.00000000 1.00000000 1.00000000
v -34.65071151 -36.99353169 22.00000000 1.00000000 1.00000000 1.00000000
v -34.64804334 -36.40475420 22.00000000 1.00000000 1.00000000 1.00000000
v -34.64003881 -35.70569211 22.00000000 1.00000000 1.00000000 1.00000000
v -34.62669793 -34.92035899 22.00000000 1.00000000 1.00000000 1.00000000
v -34.60802070 -34.07988357 22.00000000 1.00000000 1.00000000 1.00000000
v -34.58400712 -33.20650065 22.00000000 1.00000000 1.00000000 1.00000000
v -34.56177232 -32.32244502 22.00000000 1.00000000 1.00000000 1.00000000
v -34.55376779 -31.89642626 22.00000000 1.00000000 1.00000000 1.00000000
v -34.55109961 -31.47930142 22.00000000 1.00000000 1.00000000 1.00000000
v -34.67561449 -31.95690492 22.00000000 1.00000000 1.00000000 1.00000000
v -34.80724450 -32.43628719 22.00000000 1.00000000 1.00000000 1.00000000
v -35.07139392 -33.34257762 22.00000000 1.00000000 1.00000000 1.00000000
v -35.33020699 -34.21862872 22.00000000 1.00000000 1.00000000 1.00000000
v -35.57656856 -35.04576326 22.00000000 1.00000000 1.00000000 1.00000000
v -35.81047865 -35.80530401 22.00000000 1.00000000 1.00000000 1.00000000
v -36.02304334 -36.46345408 22.00000000 1.00000000 1.00000000 1.00000000
v -36.20536869 -36.99353169 22.00000000 1.00000000 1.00000000 1.00000000
v -39.26487710 -45.35381630 22.00000000 1.00000000 1.00000000 1.00000000
v -41.78719276 -45.35381630 22.00000000 1.00000000 1.00000000 1.00000000
v -44.88939198 -36.99353169 22.00000000 1.00000000 1.00000000 1.00000000
v -45.07171734 -36.46790103 22.00000000 1.00000000 1.00000000 1.00000000
v -45.28428202 -35.82309185 22.00000000 1.00000000 1.00000000 1.00000000
v -45.52086028 -35.07867076 22.00000000 1.00000000 1.00000000 1.00000000
v -45.77522639 -34.26131953 22.00000000 1.00000000 1.00000000 1.00000000
v -46.03403946 -33.38437904 22.00000000 1.00000000 1.00000000 1.00000000
v -46.29107374 -32.46830530 22.00000000 1.00000000 1.00000000 1.00000000
v -46.42092497 -32.01560479 22.00000000 1.00000000 1.00000000 1.00000000
v -46.54721863 -31.56824062 22.00000000 1.00000000 1.00000000 1.00000000
v -46.54366106 -31.90798836 22.00000000 1.00000000 1.00000000 1.00000000
v -46.53298836 -32.25840880 22.00000000 1.00000000 1.00000000 1.00000000
v -46.51342173 -33.13712807 22.00000000 1.00000000 1.00000000 1.00000000
v -46.49741268 -34.01584735 22.00000000 1.00000000 1.00000000 1.00000000
v -46.47962484 -34.86610608 22.00000000 1.00000000 1.00000000 1.00000000
v -46.46183700 -35.66655886 22.00000000 1.00000000 1.00000000 1.00000000
v -46.44849612 -36.38429819 22.00000000 1.00000000 1.00000000 1.00000000
v -46.44404916 -36.99353169 22.00000000 1.00000000 1.00000000 1.00000000
v -46.44404916 -45.35381630 22.00000000 1.00000000 1.00000000 1.00000000
v -49.35769728 -45.35381630 22.00000000 1.00000000 1.00000000 1.00000000
v -49.35769728 -28.78978008 22.00000000 1.00000000 1.00000000 1.00000000
v -44.88939198 -28.78978008 22.00000000 1.00000000 1.00000000 1.00000000
v -41.74450194 -37.33861578 22.00000000 1.00000000 1.00000000 1.00000000
v -41.56751294 -37.88381307 22.00000000 1.00000000 1.00000000 1.00000000
v -14.55045278 -45.35381630 13.60000000 1.00000000 1.00000000 1.00000000
v -14.55045278 -28.78978008 13.60000000 1.00000000 1.00000000 1.00000000
v -11.65815006 -28.78978008 13.60000000 1.00000000 1.00000000 1.00000000
v -11.65815006 -45.35381630 13.60000000 1.00000000 1.00000000 1.00000000
v -14.55045278 -45.35381630 22.00000000 1.00000000 1.00000000 1.00000000
v -14.55045278 -28.78978008 22.00000000 1.00000000 1.00000000 1.00000000
v -11.65815006 -28.78978008 22.00000000 1.00000000 1.00000000 1.00000000
v -11.65815006 -45.35381630 22.00000000 1.00000000 1.00000000 1.00000000
v -0.45181113 -29.59023286 13.60000000 1.00000000 1.00000000 1.00000000
v -0.42090475 -29.26894001 13.60000000 1.00000000 1.00000000 1.00000000
v -0.17365378 -28.70506549 13.60000000 1.00000000 1.00000000 1.00000000
v 0.04269082 -28.46248383 13.60000000 1.00000000 1.00000000 1.00000000
v 0.30217092 -28.26014715 13.60000000 1.00000000 1.00000000 1.00000000
v 0.89450598 -28.02890524 13.60000000 1.00000000 1.00000000 1.00000000
v 1.22736093 -28.00000000 13.60000000 1.00000000 1.00000000 1.00000000
v 1.56488519 -28.02890524 13.60000000 1.00000000 1.00000000 1.00000000
v 2.16255660 -28.26014715 13.60000000 1.00000000 1.00000000 1.00000000
v 2.42270375 -28.46248383 13.60000000 1.00000000 1.00000000 1.00000000
v 2.63904835 -28.70439845 13.60000000 1.00000000 1.00000000 1.00000000
v 2.88629932 -29.26293661 13.60000000 1.00000000 1.00000000 1.00000000
v 2.91720569 -29.57956016 13.60000000 1.00000000 1.00000000 1.00000000
v 2.88629932 -29.89507196 13.60000000 1.00000000 1.00000000 1.00000000
v 2.63904835 -30.45538891 13.60000000 1.00000000 1.00000000 1.00000000
v 2.42270375 -30.70019405 13.60000000 1.00000000 1.00000000 1.00000000
v 2.16255660 -30.90408716 13.60000000 1.00000000 1.00000000 1.00000000
v 1.56488519 -31.13710786 13.60000000 1.00000000 1.00000000 1.00000000
v 1.22736093 -31.16623545 13.60000000 1.00000000 1.00000000 1.00000000
v 0.89450598 -31.13710786 13.60000000 1.00000000 1.00000000 1.00000000
v 0.30217092 -30.90408716 13.60000000 1.00000000 1.00000000 1.00000000
v 0.04269082 -30.70019405 13.60000000 1.00000000 1.00000000 1.00000000
v -0.17365378 -30.45605595 13.60000000 1.00000000 1.00000000 1.00000000
v -0.42090475 -29.90107536 13.60000000 1.00000000 1.00000000 1.00000000
v -0.45181113 -29.59023286 22.00000000 1.00000000 1.00000000 1.00000000
v -0.42090475 -29.26894001 22.00000000 1.00000000 1.00000000 1.00000000
v -0.17365378 -28.70506549 22.00000000 1.00000000 1.00000000 1.00000000
v 0.04269082 -28.46248383 22.00000000 1.00000000 1.00000000 1.00000000
v 0.30217092 -28.26014715 22.00000000 1.00000000 1.00000000 1.00000000
v 0.89450598 -28.02890524 22.00000000 1.00000000 1.00000000 1.00000000
v 1.22736093 -28.00000000 22.00000000 1.00000000 1.00000000 1.00000000
v 1.56488519 -28.02890524 22.00000000 1.00000000 1.00000000 1.00000000
v 2.16255660 -28.26014715 22.00000000 1.00000000 1.00000000 1.00000000
v 2.42270375 -28.46248383 22.00000000 1.00000000 1.00000000 1.00000000
v 2.63904835 -28.70439845 22.00000000 1.00000000 1.00000000 1.00000000
v 2.88629932 -29.26293661 22.00000000 1.00000000 1.00000000 1.00000000
v 2.91720569 -29.57956016 22.00000000 1.00000000 1.00000000 1.00000000
v 2.88629932 -29.89507196 22.00000000 1.00000000 1.00000000 1.00000000
v 2.63904835 -30.45538891 22.00000000 1.00000000 1.00000000 1.00000000
v 2.42270375 -30.70019405 22.00000000 1.00000000 1.00000000 1.00000000
v 2.16255660 -30.90408716 22.00000000 1.00000000 1.00000000 1.00000000
v 1.56488519 -31.13710786 22.00000000 1.00000000 1.00000000 1.00000000
v 1.22736093 -31.16623545 22.00000000 1.00000000 1.00000000 1.00000000
v 0.89450598 -31.13710786 22.00000000 1.00000000 1.00000000 1.00000000
v 0.30217092 -30.90408716 22.00000000 1.00000000 1.00000000 1.00000000
v 0.04269082 -30.70019405 22.00000000 1.00000000 1.00000000 1.00000000
v -0.17365378 -30.45605595 22.00000000 1.00000000 1.00000000 1.00000000
v -0.42090475 -29.90107536 22.00000000 1.00000000 1.00000000 1.00000000
f 195 196 1
f 193 194 195
f 191 192 193
f 189 190 191
f 187 188 189
f 185 186 187
f 183 184 185
f 181 182 183
f 179 180 181
f 177 178 179
f 175 176 177
f 173 174 175
f 171 172 173
f 169 170 171
f 167 168 169
f 165 166 167
f 163 164 165
f 161 162 163
f 159 160 161
f 157 158 159
f 155 156 157
f 153 154 155
f 151 152 153
f 149 150 151
f 147 148 149
f 145 146 147
f 143 144 145
f 141 142 143
f 139 140 141
f 137 138 139
f 135 136 137
f 133 134 135
f 131 132 133
f 129 130 131
f 127 128 129
f 125 126 127
f 123 124 125
f 121 122 123
f 119 120 121
f 117 118 119
f 115 116 117
f 113 114 115
f 111 112 113
f 109 110 111
f 107 108 109
f 105 106 107
f 103 104 105
f 101 102 103
f 99 100 101
f 97 98 99
f 95 96 97
f 93 94 95
f 91 92 93
f 89 90 91
f 87 88 89
f 85 86 87
f 83 84 85
f 81 82 83
f 79 80 81
f 77 78 79
f 75 76 77
f 73 74 75
f 71 72 73
f 69 70 71
f 67 68 69
f 65 66 67
f 63 64 65
f 61 62 63
f 59 60 61
f 57 58 59
f 55 56 57
f 53 54 55
f 51 52 53
f 49 50 51
f 47 48 49
f 45 46 47
f 43 44 45
f 41 42 43
f 39 40 41
f 37 38 39
f 35 36 37
f 33 34 35
f 31 32 33
f 29 30 31
f 27 28 29
f 25 26 27
f 23 24 25
f 21 22 23
f 19 20 21
f 17 18 19
f 15 16 17
f 13 14 15
f 11 12 13
f 9 10 11
f 7 8 9
f 5 6 7
f 3 4 5
f 1 2 3
f 193 195 1
f 189 191 193
f 185 187 189
f 181 183 185
f 177 179 181
f 173 175 177
f 169 171 173
f 165 167 169
f 161 163 165
f 157 159 161
f 153 155 157
f 149 151 153
f 145 147 149
f 141 143 145
f 137 139 141
f 133 135 137
f 129 131 133
f 125 127 129
f 121 123 125
f 117 119 121
f 113 115 117
f 109 111 113
f 105 107 109
f 101 103 105
f 97 99 101
f 93 95 97
f 89 91 93
f 85 87 89
f 81 83 85
f 77 79 81
f 73 75 77
f 69 71 73
f 65 67 69
f 61 63 65
f 57 59 61
f 53 55 57
f 49 51 53
f 45 47 49
f 41 43 45
f 37 39 41
f 33 35 37
f 29 31 33
f 25 27 29
f 21 23 25
f 17 19 21
f 13 15 17
f 9 11 13
f 5 7 9
f 1 3 5
f 189 193 1
f 181 185 189
f 173 177 181
f 165 169 173
f 157 161 165
f 149 153 157
f 141 145 149
f 133 137 141
f 125 129 133
f 117 121 125
f 109 113 117
f 101 105 109
f 93 97 101
f 85 89 93
f 77 81 85
f 69 73 77
f 61 65 69
f 53 57 61
f 45 49 53
f 37 41 45
f 29 33 37
f 21 25 29
f 13 17 21
f 5 9 13
f 189 1 5
f 173 181 189
f 157 165 173
f 141 149 157
f 125 133 141
f 109 117 125
f 93 101 109
f 77 85 93
f 61 69 77
f 45 53 61
f 29 37 45
f 13 21 29
f 189 5 13
f 157 173 189
f 125 141 157
f 93 109 125
f 61 77 93
f 29 45 61
f 189 13 29
f 125 157 189
f 61 93 125
f 189 29 61
f 61 125 189
f 197 392 391
f 391 390 389
f 389 388 387
f 387 386 385
f 385 384 383
f 383 382 381
f 381 380 379
f 379 378 377
f 377 376 375
f 375 374 373
f 373 372 371
f 371 370 369
f 369 368 367
f 367 366 365
f 365 364 363
f 363 362 361
f 361 360 359
f 359 358 357
f 357 356 355
f 355 354 353
f 353 352 351
f 351 350 349
f 349 348 347
f 347 346 345
f 345 344 343
f 343 342 341
f 341 340 339
f 339 338 337
f 337 336 335
f 335 334 333
f 333 332 331
f 331 330 329
f 329 328 327
f 327 326 325
f 325 324 323
f 323 322 321
f 321 320 319
f 319 318 317
f 317 316 315
f 315 314 313
f 313 312 311
f 311 310 309
f 309 308 307
f 307 306 305
f 305 304 303
f 303 302 301
f 301 300 299
f 299 298 297
f 297 296 295
f 295 294 293
f 293 292 291
f 291 290 289
f 289 288 287
f 287 286 285
f 285 284 283
f 283 282 281
f 281 280 279
f 279 278 277
f 277 276 275
f 275 274 273
f 273 272 271
f 271 270 269
f 269 268 267
f 267 266 265
f 265 264 263
f 263 262 261
f 261 260 259
f 259 258 257
f 257 256 255
f 255 254 253
f 253 252 251
f 251 250 249
f 249 248 247
f 247 246 245
f 245 244 243
f 243 242 241
f 241 240 239
f 239 238 237
f 237 236 235
f 235 234 233
f 233 232 231
f 231 230 229
f 229 228 227
f 227 226 225
f 225 224 223
f 223 222 221
f 221 220 219
f 219 218 217
f 217 216 215
f 215 214 213
f 213 212 211
f 211 210 209
f 209 208 207
f 207 206 205
f 205 204 203
f 203 202 201
f 201 200 199
f 199 198 197
f 197 391 389
f 389 387 385
f 385 383 381
f 381 379 377
f 377 375 373
f 373 371 369
f 369 367 365
f 365 363 361
f 361 359 357
f 357 355 353
f 353 351 349
f 349 347 345
f 345 343 341
f 341 339 337
f 337 335 333
f 333 331 329
f 329 327 325
f 325 323 321
f 321 319 317
f 317 315 313
f 313 311 309
f 309 307 305
f 305 303 301
f 301 299 297
f 297 295 293
f 293 291 289
f 289 287 285
f 285 283 281
f 281 279 277
f 277 275 273
f 273 271 269
f 269 267 265
f 265 263 261
f 261 259 257
f 257 255 253
f 253 251 249
f 249 247 245
f 245 243 241
f 241 239 237
f 237 235 233
f 233 231 229
f 229 227 225
f 225 223 221
f 221 219 217
f 217 215 213
f 213 211 209
f 209 207 205
f 205 203 201
f 201 199 197
f 197 389 385
f 385 381 377
f 377 373 369
f 369 365 361
f 361 357 353
f 353 349 345
f 345 341 337
f 337 333 329
f 329 325 321
f 321 317 313
f 313 309 305
f 305 301 297
f 297 293 289
f 289 285 281
f 281 277 273
f 273 269 265
f 265 261 257
f 257 253 249
f 249 245 241
f 241 237 233
f 233 229 225
f 225 221 217
f 217 213 209
f 209 205 201
f 201 197 385
f 385 377 369
f 369 361 353
f 353 345 337
f 337 329 321
f 321 313 305
f 305 297 289
f 289 281 273
f 273 265 257
f 257 249 241
f 241 233 225
f 225 217 209
f 209 201 385
f 385 369 353
f 353 337 321
f 321 305 289
f 289 273 257
f 257 241 225
f 225 209 385
f 385 353 321
f 321 289 257
f 257 225 385
f 385 321 257
f 197 198 1
f 1 198 2
f 198 199 2
f 2 199 3
f 199 200 3
f 3 200 4
f 200 201 4
f 4 201 5
f 201 202 5
f 5 202 6
f 202 203 6
f 6 203 7
f 203 204 7
f 7 204 8
f 204 205 8
f 8 205 9
f 205 206 9
f 9 206 10
f 206 207 10
f 10 207 11
f 207 208 11
f 11 208 12
f 208 209 12
f 12 209 13
f 209 210 13
f 13 210 14
f 210 211 14
f 14 211 15
f 211 212 15
f 15 212 16
f 212 213 16
f 16 213 17
f 213 214 17
f 17 214 18
f 214 215 18
f 18 215 19
f 215 216 19
f 19 216 20
f 216 217 20
f 20 217 21
f 217 218 21
f 21 218 22
f 218 219 22
f 22 219 23
f 219 220 23
f 23 220 24
f 220 221 24
f 24 221 25
f 221 222 25
f 25 222 26
f 222 223 26
f 26 223 27
f 223 224 27
f 27 224 28
f 224 225 28
f 28 225 29
f 225 226 29
f 29 226 30
f 226 227 30
f 30 227 31
f 227 228 31
f 31 228 32
f 228 229 32
f 32 229 33
f 229 230 33
f 33 230 34
f 230 231 34
f 34 231 35
f 231 232 35
f 35 232 36
f 232 233 36
f 36 233 37
f 233 234 37
f 37 234 38
f 234 235 38
f 38 235 39
f 235 236 39
f 39 236 40
f 236 237 40
f 40 237 41
f 237 238 41
f 41 238 42
f 238 239 42
f 42 239 43
f 239 240 43
f 43 240 44
f 240 241 44
f 44 241 45
f 241 242 45
f 45 242 46
f 242 243 46
f 46 243 47
f 243 244 47
f 47 244 48
f 244 245 48
f 48 245 49
f 245 246 49
f 49 246 50
f 246 247 50
f 50 247 51
f 247 248 51
f 51 248 52
f 248 249 52
f 52 249 53
f 249 250 53
f 53 250 54
f 250 251 54
f 54 251 55
f 251 252 55
f 55 252 56
f 252 253 56
f 56 253 57
f 253 254 57
f 57 254 58
f 254 255 58
f 58 255 59
f 255 256 59
f 59 256 60
f 256 257 60
f 60 257 61
f 257 258 61
f 61 258 62
f 258 259 62
f 62 259 63
f 259 260 63
f 63 260 64
f 260 261 64
f 64 261 65
f 261 262 65
f 65 262 66
f 262 263 66
f 66 263 67
f 263 264 67
f 67 264 68
f 264 265 68
f 68 265 69
f 265 266 69
f 69 266 70
f 266 267 70
f 70 267 71
f 267 268 71
f 71 268 72
f 268 269 72
f 72 269 73
f 269 270 73
f 73 270 74
f 270 271 74
f 74 271 75
f 271 272 75
f 75 272 76
f 272 273 76
f 76 273 77
f 273 274 77
f 77 274 78
f 274 275 78
f 78 275 79
f 275 276 79
f 79 276 80
f 276 277 80
f 80 277 81
f 277 278 81
f 81 278 82
f 278 279 82
f 82 279 83
f 279 280 83
f 83 280 84
f 280 281 84
f 84 281 85
f 281 282 85
f 85 282 86
f 282 283 86
f 86 283 87
f 283 284 87
f 87 284 88
f 284 285 88
f 88 285 89
f 285 286 89
f 89 286 90
f 286 287 90
f 90 287 91
f 287 288 91
f 91 288 92
f 288 289 92
f 92 289 93
f 289 290 93
f 93 290 94
f 290 291 94
f 94 291 95
f 291 292 95
f 95 292 96
f 292 293 96
f 96 293 97
f 293 294 97
f 97 294 98
f 294 295 98
f 98 295 99
f 295 296 99
f 99 296 100
f 296 297 100
f 100 297 101
f 297 298 101
f 101 298 102
f 298 299 102
f 102 299 103
f 299 300 103
f 103 300 104
f 300 301 104
f 104 301 105
f 301 302 105
f 105 302 106
f 302 303 106
f 106 303 107
f 303 304 107
f 107 304 108
f 304 305 108
f 108 305 109
f 305 306 109
f 109 306 110
f 306 307 110
f 110 307 111
f 307 308 111
f 111 308 112
f 308 309 112
f 112 309 113
f 309 310 113
f 113 310 114
f 310 311 114
f 114 311 115
f 311 312 115
f 115 312 116
f 312 313 116
f 116 313 117
f 313 314 117
f 117 314 118
f 314 315 118
f 118 315 119
f 315 316 119
f 119 316 120
f 316 317 120
f 120 317 121
f 317 318 121
f 121 318 122
f 318 319 122
f 122 319 123
f 319 320 123
f 123 320 124
f 320 321 124
f 124 321 125
f 321 322 125
f 125 322 126
f 322 323 126
f 126 323 127
f 323 324 127
f 127 324 128
f 324 325 128
f 128 325 129
f 325 326 129
f 129 326 130
f 326 327 130
f 130 327 131
f 327 328 131
f 131 328 132
f 328 329 132
f 132 329 133
f 329 330 133
f 133 330 134
f 330 331 134
f 134 331 135
f 331 332 135
f 135 332 136
f 332 333 136
f 136 333 137
f 333 334 137
f 137 334 138
f 334 335 138
f 138 335 139
f 335 336 139
f 139 336 140
f 336 337 140
f 140 337 141
f 337 338 141
f 141 338 142
f 338 339 142
f 142 339 143
f 339 340 143
f 143 340 144
f 340 341 144
f 144 341 145
f 341 342 145
f 145 342 146
f 342 343 146
f 146 343 147
f 343 344 147
f 147 344 148
f 344 345 148
f 148 345 149
f 345 346 149
f 149 346 150
f 346 347 150
f 150 347 151
f 347 348 151
f 151 348 152
f 348 349 152
f 152 349 153
f 349 350 153
f 153 350 154
f 350 351 154
f 154 351 155
f 351 352 155
f 155 352 156
f 352 353 156
f 156 353 157
f 353 354 157
f 157 354 158
f 354 355 158
f 158 355 159
f 355 356 159
f 159 356 160
f 356 357 160
f 160 357 161
f 357 358 161
f 161 358 162
f 358 359 162
f 162 359 163
f 359 360 163
f 163 360 164
f 360 361 164
f 164 361 165
f 361 362 165
f 165 362 166
f 362 363 166
f 166 363 167
f 363 364 167
f 167 364 168
f 364 365 168
f 168 365 169
f 365 366 169
f 169 366 170
f 366 367 170
f 170 367 171
f 367 368 171
f 171 368 172
f 368 369 172
f 172 369 173
f 369 370 173
f 173 370 174
f 370 371 174
f 174 371 175
f 371 372 175
f 175 372 176
f 372 373 176
f 176 373 177
f 373 374 177
f 177 374 178
f 374 375 178
f 178 375 179
f 375 376 179
f 179 376 180
f 376 377 180
f 180 377 181
f 377 378 181
f 181 378 182
f 378 379 182
f 182 379 183
f 379 380 183
f 183 380 184
f 380 381 184
f 184 381 185
f 381 382 185
f 185 382 186
f 382 383 186
f 186 383 187
f 383 384 187
f 187 384 188
f 384 385 188
f 188 385 189
f 385 386 189
f 189 386 190
f 386 387 190
f 190 387 191
f 387 388 191
f 191 388 192
f 388 389 192
f 192 389 193
f 389 390 193
f 193 390 194
f 390 391 194
f 194 391 195
f 392 197 196
f 196 197 1
f 391 392 195
f 195 392 196
f 394 395 393
f 396 398 397
f 396 397 393
f 393 397 394
f 398 396 395
f 395 396 393
f 397 398 394
f 394 398 395
f 400 401 399
f 402 404 403
f 402 403 399
f 399 403 400
f 404 402 401
f 401 402 399
f 403 404 400
f 400 404 401
f 471 472 441
f 441 472 473
f 439 440 441
f 436 437 438
f 434 435 436
f 432 433 434
f 430 431 432
f 428 429 430
f 426 427 428
f 424 425 426
f 422 423 424
f 420 421 422
f 418 419 420
f 416 417 418
f 414 415 416
f 412 413 414
f 410 411 412
f 408 409 410
f 406 407 408
f 445 405 406
f 442 443 444
f 471 441 442
f 441 473 474
f 434 436 438
f 430 432 434
f 426 428 430
f 422 424 426
f 418 420 422
f 414 416 418
f 410 412 414
f 406 408 410
f 471 442 444
f 441 474 475
f 430 434 438
f 422 426 430
f 414 418 422
f 406 410 414
f 471 444 445
f 441 475 476
f 445 406 414
f 470 471 445
f 439 441 476
f 469 470 445
f 439 476 477
f 468 469 445
f 439 477 478
f 467 468 445
f 439 478 479
f 466 467 445
f 439 479 480
f 465 466 445
f 439 480 481
f 465 445 414
f 438 439 481
f 464 465 414
f 430 438 481
f 463 464 414
f 430 481 446
f 462 463 414
f 430 446 447
f 461 462 414
f 430 447 448
f 460 461 414
f 430 448 449
f 459 460 414
f 430 449 450
f 459 414 422
f 430 450 451
f 458 459 422
f 422 430 451
f 457 458 422
f 422 451 452
f 456 457 422
f 422 452 453
f 455 456 422
f 422 453 454
f 454 455 422
f 518 549 548
f 550 549 518
f 518 517 516
f 515 514 513
f 513 512 511
f 511 510 509
f 509 508 507
f 507 506 505
f 505 504 503
f 503 502 501
f 501 500 499
f 499 498 497
f 497 496 495
f 495 494 493
f 493 492 491
f 491 490 489
f 489 488 487
f 487 486 485
f 485 484 483
f 483 482 522
f 521 520 519
f 519 518 548
f 551 550 518
f 515 513 511
f 511 509 507
f 507 505 503
f 503 501 499
f 499 497 495
f 495 493 491
f 491 489 487
f 487 485 483
f 521 519 548
f 552 551 518
f 515 511 507
f 507 503 499
f 499 495 491
f 491 487 483
f 522 521 548
f 553 552 518
f 491 483 522
f 522 548 547
f 553 518 516
f 522 547 546
f 554 553 516
f 522 546 545
f 555 554 516
f 522 545 544
f 556 555 516
f 522 544 543
f 557 556 516
f 522 543 542
f 558 557 516
f 491 522 542
f 558 516 515
f 491 542 541
f 558 515 507
f 491 541 540
f 523 558 507
f 491 540 539
f 524 523 507
f 491 539 538
f 525 524 507
f 491 538 537
f 526 525 507
f 491 537 536
f 527 526 507
f 499 491 536
f 528 527 507
f 499 536 535
f 528 507 499
f 499 535 534
f 529 528 499
f 499 534 533
f 530 529 499
f 499 533 532
f 531 530 499
f 499 532 531
f 482 483 405
f 405 483 406
f 483 484 406
f 406 484 407
f 484 485 407
f 407 485 408
f 485 486 408
f 408 486 409
f 486 487 409
f 409 487 410
f 487 488 410
f 410 488 411
f 488 489 411
f 411 489 412
f 489 490 412
f 412 490 413
f 490 491 413
f 413 491 414
f 491 492 414
f 414 492 415
f 492 493 415
f 415 493 416
f 493 494 416
f 416 494 417
f 494 495 417
f 417 495 418
f 495 496 418
f 418 496 419
f 496 497 419
f 419 497 420
f 497 498 420
f 420 498 421
f 498 499 421
f 421 499 422
f 499 500 422
f 422 500 423
f 500 501 423
f 423 501 424
f 501 502 424
f 424 502 425
f 502 503 425
f 425 503 426
f 503 504 426
f 426 504 427
f 504 505 427
f 427 505 428
f 505 506 428
f 428 506 429
f 506 507 429
f 429 507 430
f 507 508 430
f 430 508 431
f 508 509 431
f 431 509 432
f 509 510 432
f 432 510 433
f 510 511 433
f 433 511 434
f 511 512 434
f 434 512 435
f 512 513 435
f 435 513 436
f 513 514 436
f 436 514 437
f 514 515 437
f 437 515 438
f 515 516 438
f 438 516 439
f 516 517 439
f 439 517 440
f 517 518 440
f 440 518 441
f 518 519 441
f 441 519 442
f 519 520 442
f 442 520 443
f 520 521 443
f 443 521 444
f 522 482 445
f 445 482 405
f 521 522 444
f 444 522 445
f 523 524 446
f 446 524 447
f 524 525 447
f 447 525 448
f 525 526 448
f 448 526 449
f 526 527 449
f 449 527 450
f 527 528 450
f 450 528 451
f 528 529 451
f 451 529 452
f 529 530 452
f 452 530 453
f 530 531 453
f 453 531 454
f 531 532 454
f 454 532 455
f 532 533 455
f 455 533 456
f 533 534 456
f 456 534 457
f 534 535 457
f 457 535 458
f 535 536 458
f 458 536 459
f 536 537 459
f 459 537 460
f 537 538 460
f 460 538 461
f 538 539 461
f 461 539 462
f 539 540 462
f 462 540 463
f 540 541 463
f 463 541 464
f 541 542 464
f 464 542 465
f 542 543 465
f 465 543 466
f 543 544 466
f 466 544 467
f 544 545 467
f 467 545 468
f 545 546 468
f 468 546 469
f 546 547 469
f 469 547 470
f 547 548 470
f 470 548 471
f 548 549 471
f 471 549 472
f 549 550 472
f 472 550 473
f 550 551 473
f 473 551 474
f 551 552 474
f 474 552 475
f 552 553 475
f 475 553 476
f 553 554 476
f 476 554 477
f 554 555 477
f 477 555 478
f 555 556 478
f 478 556 479
f 556 557 479
f 479 557 480
f 558 523 481
f 481 523 446
f 557 558 480
f 480 558 481
f 596 597 559
f 594 595 596
f 592 593 594
f 590 591 592
f 588 589 590
f 586 587 588
f 584 585 586
f 582 583 584
f 564 565 566
f 562 563 564
f 560 561 562
f 596 559 560
f 592 594 596
f 588 590 592
f 582 584 586
f 564 566 567
f 560 562 564
f 592 596 560
f 586 588 592
f 581 582 586
f 564 567 568
f 580 581 586
f 560 564 568
f 579 580 586
f 560 568 569
f 578 579 586
f 560 569 570
f 577 578 586
f 560 570 571
f 577 586 592
f 560 571 572
f 576 577 592
f 560 572 573
f 575 576 592
f 592 560 573
f 574 575 592
f 592 573 574
f 598 636 635
f 635 634 633
f 633 632 631
f 631 630 629
f 629 628 627
f 627 626 625
f 625 624 623
f 623 622 621
f 605 604 603
f 603 602 601
f 601 600 599
f 599 598 635
f 635 633 631
f 631 629 627
f 625 623 621
f 606 605 603
f 603 601 599
f 599 635 631
f 631 627 625
f 625 621 620
f 607 606 603
f 625 620 619
f 607 603 599
f 625 619 618
f 608 607 599
f 625 618 617
f 609 608 599
f 625 617 616
f 610 609 599
f 631 625 616
f 611 610 599
f 631 616 615
f 612 611 599
f 631 615 614
f 612 599 631
f 631 614 613
f 613 612 631
f 598 599 559
f 559 599 560
f 599 600 560
f 560 600 561
f 600 601 561
f 561 601 562
f 601 602 562
f 562 602 563
f 602 603 563
f 563 603 564
f 603 604 564
f 564 604 565
f 604 605 565
f 565 605 566
f 605 606 566
f 566 606 567
f 606 607 567
f 567 607 568
f 607 608 568
f 568 608 569
f 608 609 569
f 569 609 570
f 609 610 570
f 570 610 571
f 610 611 571
f 571 611 572
f 611 612 572
f 572 612 573
f 612 613 573
f 573 613 574
f 613 614 574
f 574 614 575
f 614 615 575
f 575 615 576
f 615 616 576
f 576 616 577
f 616 617 577
f 577 617 578
f 617 618 578
f 578 618 579
f 618 619 579
f 579 619 580
f 619 620 580
f 580 620 581
f 620 621 581
f 581 621 582
f 621 622 582
f 582 622 583
f 622 623 583
f 583 623 584
f 623 624 584
f 584 624 585
f 624 625 585
f 585 625 586
f 625 626 586
f 586 626 587
f 626 627 587
f 587 627 588
f 627 628 588
f 588 628 589
f 628 629 589
f 589 629 590
f 629 630 590
f 590 630 591
f 630 631 591
f 591 631 592
f 631 632 592
f 592 632 593
f 632 633 593
f 593 633 594
f 633 634 594
f 594 634 595
f 634 635 595
f 595 635 596
f 636 598 597
f 597 598 559
f 635 636 596
f 596 636 597
f 702 703 642
f 642 703 704
f 640 641 642
f 638 639 640
f 676 637 638
f 674 675 676
f 672 673 674
f 670 671 672
f 668 669 670
f 666 667 668
f 664 665 666
f 662 663 664
f 660 661 662
f 658 659 660
f 656 657 658
f 654 655 656
f 652 653 654
f 650 651 652
f 648 649 650
f 646 647 648
f 644 645 646
f 642 643 644
f 701 702 642
f 642 704 705
f 638 640 642
f 674 676 638
f 670 672 674
f 666 668 670
f 662 664 666
f 658 660 662
f 654 656 658
f 650 652 654
f 646 648 650
f 642 644 646
f 700 701 642
f 642 705 706
f 674 638 642
f 666 670 674
f 658 662 666
f 650 654 658
f 642 646 650
f 699 700 642
f 642 706 707
f 699 642 650
f 642 707 708
f 698 699 650
f 642 708 709
f 697 698 650
f 674 642 709
f 696 697 650
f 674 709 710
f 695 696 650
f 674 710 711
f 694 695 650
f 674 711 712
f 694 650 658
f 674 712 677
f 693 694 658
f 674 677 678
f 692 693 658
f 674 678 679
f 691 692 658
f 666 674 679
f 690 691 658
f 666 679 680
f 689 690 658
f 666 680 681
f 688 689 658
f 666 681 682
f 688 658 666
f 666 682 683
f 687 688 666
f 666 683 684
f 686 687 666
f 666 684 685
f 685 686 666
f 718 779 778
f 780 779 718
f 718 717 716
f 716 715 714
f 714 713 752
f 752 751 750
f 750 749 748
f 748 747 746
f 746 745 744
f 744 743 742
f 742 741 740
f 740 739 738
f 738 737 736
f 736 735 734
f 734 733 732
f 732 731 730
f 730 729 728
f 728 727 726
f 726 725 724
f 724 723 722
f 722 721 720
f 720 719 718
f 718 778 777
f 781 780 718
f 718 716 714
f 714 752 750
f 750 748 746
f 746 744 742
f 742 740 738
f 738 736 734
f 734 732 730
f 730 728 726
f 726 724 722
f 722 720 718
f 718 777 776
f 782 781 718
f 718 714 750
f 750 746 742
f 742 738 734
f 734 730 726
f 726 722 718
f 718 776 775
f 783 782 718
f 726 718 775
f 784 783 718
f 726 775 774
f 785 784 718
f 726 774 773
f 785 718 750
f 726 773 772
f 786 785 750
f 726 772 771
f 787 786 750
f 726 771 770
f 788 787 750
f 734 726 770
f 753 788 750
f 734 770 769
f 754 753 750
f 734 769 768
f 755 754 750
f 734 768 767
f 755 750 742
f 734 767 766
f 756 755 742
f 734 766 765
f 757 756 742
f 734 765 764
f 758 757 742
f 742 734 764
f 759 758 742
f 742 764 763
f 760 759 742
f 742 763 762
f 761 760 742
f 742 762 761
f 713 714 637
f 637 714 638
f 714 715 638
f 638 715 639
f 715 716 639
f 639 716 640
f 716 717 640
f 640 717 641
f 717 718 641
f 641 718 642
f 718 719 642
f 642 719 643
f 719 720 643
f 643 720 644
f 720 721 644
f 644 721 645
f 721 722 645
f 645 722 646
f 722 723 646
f 646 723 647
f 723 724 647
f 647 724 648
f 724 725 648
f 648 725 649
f 725 726 649
f 649 726 650
f 726 727 650
f 650 727 651
f 727 728 651
f 651 728 652
f 728 729 652
f 652 729 653
f 729 730 653
f 653 730 654
f 730 731 654
f 654 731 655
f 731 732 655
f 655 732 656
f 732 733 656
f 656 733 657
f 733 734 657
f 657 734 658
f 734 735 658
f 658 735 659
f 735 736 659
f 659 736 660
f 736 737 660
f 660 737 661
f 737 738 661
f 661 738 662
f 738 739 662
f 662 739 663
f 739 740 663
f 663 740 664
f 740 741 664
f 664 741 665
f 741 742 665
f 665 742 666
f 742 743 666
f 666 743 667
f 743 744 667
f 667 744 668
f 744 745 668
f 668 745 669
f 745 746 669
f 669 746 670
f 746 747 670
f 670 747 671
f 747 748 671
f 671 748 672
f 748 749 672
f 672 749 673
f 749 750 673
f 673 750 674
f 750 751 674
f 674 751 675
f 752 713 676
f 676 713 637
f 751 752 675
f 675 752 676
f 753 754 677
f 677 754 678
f 754 755 678
f 678 755 679
f 755 756 679
f 679 756 680
f 756 757 680
f 680 757 681
f 757 758 681
f 681 758 682
f 758 759 682
f 682 759 683
f 759 760 683
f 683 760 684
f 760 761 684
f 684 761 685
f 761 762 685
f 685 762 686
f 762 763 686
f 686 763 687
f 763 764 687
f 687 764 688
f 764 765 688
f 688 765 689
f 765 766 689
f 689 766 690
f 766 767 690
f 690 767 691
f 767 768 691
f 691 768 692
f 768 769 692
f 692 769 693
f 769 770 693
f 693 770 694
f 770 771 694
f 694 771 695
f 771 772 695
f 695 772 696
f 772 773 696
f 696 773 697
f 773 774 697
f 697 774 698
f 774 775 698
f 698 775 699
f 775 776 699
f 699 776 700
f 776 777 700
f 700 777 701
f 777 778 701
f 701 778 702
f 778 779 702
f 702 779 703
f 779 780 703
f 703 780 704
f 780 781 704
f 704 781 705
f 781 782 705
f 705 782 706
f 782 783 706
f 706 783 707
f 783 784 707
f 707 784 708
f 784 785 708
f 708 785 709
f 785 786 709
f 709 786 710
f 786 787 710
f 710 787 711
f 788 753 712
f 712 753 677
f 787 788 711
f 711 788 712
f 791 792 789
f 789 790 791
f 793 796 795
f 795 794 793
f 793 794 789
f 789 794 790
f 794 795 790
f 790 795 791
f 796 793 792
f 792 793 789
f 795 796 791
f 791 796 792
f 825 826 797
f 822 823 824
f 820 821 822
f 805 806 807
f 803 804 805
f 801 802 803
f 799 800 801
f 797 798 799
f 820 822 824
f 805 807 808
f 801 803 805
f 797 799 801
f 819 820 824
f 805 808 809
f 797 801 805
f 819 824 825
f 805 809 810
f 825 797 805
f 818 819 825
f 805 810 811
f 817 818 825
f 805 811 812
f 816 817 825
f 805 812 813
f 815 816 825
f 805 813 814
f 815 825 805
f 805 814 815
f 827 856 855
f 854 853 852
f 852 851 850
f 837 836 835
f 835 834 833
f 833 832 831
f 831 830 829
f 829 828 827
f 854 852 850
f 838 837 835
f 835 833 831
f 831 829 827
f 854 850 849
f 839 838 835
f 835 831 827
f 855 854 849
f 840 839 835
f 835 827 855
f 855 849 848
f 841 840 835
f 855 848 847
f 842 841 835
f 855 847 846
f 843 842 835
f 855 846 845
f 844 843 835
f 835 855 845
f 845 844 835
f 827 828 797
f 797 828 798
f 828 829 798
f 798 829 799
f 829 830 799
f 799 830 800
f 830 831 800
f 800 831 801
f 831 832 801
f 801 832 802
f 832 833 802
f 802 833 803
f 833 834 803
f 803 834 804
f 834 835 804
f 804 835 805
f 835 836 805
f 805 836 806
f 836 837 806
f 806 837 807
f 837 838 807
f 807 838 808
f 838 839 808
f 808 839 809
f 839 840 809
f 809 840 810
f 840 841 810
f 810 841 811
f 841 842 811
f 811 842 812
f 842 843 812
f 812 843 813
f 843 844 813
f 813 844 814
f 844 845 814
f 814 845 815
f 845 846 815
f 815 846 816
f 846 847 816
f 816 847 817
f 847 848 817
f 817 848 818
f 848 849 818
f 818 849 819
f 849 850 819
f 819 850 820
f 850 851 820
f 820 851 821
f 851 852 821
f 821 852 822
f 852 853 822
f 822 853 823
f 853 854 823
f 823 854 824
f 854 855 824
f 824 855 825
f 856 827 826
f 826 827 797
f 855 856 825
f 825 856 826
f 888 889 890
f 885 886 887
f 882 883 884
f 879 880 881
f 877 878 879
f 875 876 877
f 873 874 875
f 871 872 873
f 869 870 871
f 867 868 869
f 865 866 867
f 887 888 890
f 884 885 887
f 881 882 884
f 877 879 881
f 873 875 877
f 869 871 873
f 865 867 869
f 884 887 890
f 877 881 884
f 869 873 877
f 864 865 869
f 884 890 891
f 864 869 877
f 884 891 892
f 863 864 877
f 884 892 857
f 862 863 877
f 877 884 857
f 861 862 877
f 877 857 858
f 860 861 877
f 877 858 859
f 859 860 877
f 926 925 924
f 923 922 921
f 920 919 918
f 917 916 915
f 915 914 913
f 913 912 911
f 911 910 909
f 909 908 907
f 907 906 905
f 905 904 903
f 903 902 901
f 926 924 923
f 923 921 920
f 920 918 917
f 917 915 913
f 913 911 909
f 909 907 905
f 905 903 901
f 926 923 920
f 920 917 913
f 913 909 905
f 905 901 900
f 927 926 920
f 913 905 900
f 928 927 920
f 913 900 899
f 893 928 920
f 913 899 898
f 893 920 913
f 913 898 897
f 894 893 913
f 913 897 896
f 895 894 913
f 913 896 895
f 893 894 857
f 857 894 858
f 894 895 858
f 858 895 859
f 895 896 859
f 859 896 860
f 896 897 860
f 860 897 861
f 897 898 861
f 861 898 862
f 898 899 862
f 862 899 863
f 899 900 863
f 863 900 864
f 900 901 864
f 864 901 865
f 901 902 865
f 865 902 866
f 902 903 866
f 866 903 867
f 903 904 867
f 867 904 868
f 904 905 868
f 868 905 869
f 905 906 869
f 869 906 870
f 906 907 870
f 870 907 871
f 907 908 871
f 871 908 872
f 908 909 872
f 872 909 873
f 909 910 873
f 873 910 874
f 910 911 874
f 874 911 875
f 911 912 875
f 875 912 876
f 912 913 876
f 876 913 877
f 913 914 877
f 877 914 878
f 914 915 878
f 878 915 879
f 915 916 879
f 879 916 880
f 916 917 880
f 880 917 881
f 917 918 881
f 881 918 882
f 918 919 882
f 882 919 883
f 919 920 883
f 883 920 884
f 920 921 884
f 884 921 885
f 921 922 885
f 885 922 886
f 922 923 886
f 886 923 887
f 923 924 887
f 887 924 888
f 924 925 888
f 888 925 889
f 925 926 889
f 889 926 890
f 926 927 890
f 890 927 891
f 928 893 892
f 892 893 857
f 927 928 891
f 891 928 892
f 960 961 962
f 957 958 959
f 954 955 956
f 951 952 953
f 949 950 951
f 947 948 949
f 945 946 947
f 943 944 945
f 941 942 943
f 939 940 941
f 937 938 939
f 959 960 962
f 956 957 959
f 953 954 956
f 949 951 953
f 945 947 949
f 941 943 945
f 937 939 941
f 956 959 962
f 949 953 956
f 941 945 949
f 936 937 941
f 956 962 963
f 936 941 949
f 956 963 964
f 935 936 949
f 956 964 929
f 934 935 949
f 949 956 929
f 933 934 949
f 949 929 930
f 932 933 949
f 949 930 931
f 931 932 949
f 998 997 996
f 995 994 993
f 992 991 990
f 989 988 987
f 987 986 985
f 985 984 983
f 983 982 981
f 981 980 979
f 979 978 977
f 977 976 975
f 975 974 973
f 998 996 995
f 995 993 992
f 992 990 989
f 989 987 985
f 985 983 981
f 981 979 977
f 977 975 973
f 998 995 992
f 992 989 985
f 985 981 977
f 977 973 972
f 999 998 992
f 985 977 972
f 1000 999 992
f 985 972 971
f 965 1000 992
f 985 971 970
f 965 992 985
f 985 970 969
f 966 965 985
f 985 969 968
f 967 966 985
f 985 968 967
f 965 966 929
f 929 966 930
f 966 967 930
f 930 967 931
f 967 968 931
f 931 968 932
f 968 969 932
f 932 969 933
f 969 970 933
f 933 970 934
f 970 971 934
f 934 971 935
f 971 972 935
f 935 972 936
f 972 973 936
f 936 973 937
f 973 974 937
f 937 974 938
f 974 975 938
f 938 975 939
f 975 976 939
f 939 976 940
f 976 977 940
f 940 977 941
f 977 978 941
f 941 978 942
f 978 979 942
f 942 979 943
f 979 980 943
f 943 980 944
f 980 981 944
f 944 981 945
f 981 982 945
f 945 982 946
f 982 983 946
f 946 983 947
f 983 984 947
f 947 984 948
f 984 985 948
f 948 985 949
f 985 986 949
f 949 986 950
f 986 987 950
f 950 987 951
f 987 988 951
f 951 988 952
f 988 989 952
f 952 989 953
f 989 990 953
f 953 990 954
f 990 991 954
f 954 991 955
f 991 992 955
f 955 992 956
f 992 993 956
f 956 993 957
f 993 994 957
f 957 994 958
f 994 995 958
f 958 995 959
f 995 996 959
f 959 996 960
f 996 997 960
f 960 997 961
f 997 998 961
f 961 998 962
f 998 999 962
f 962 999 963
f 1000 965 964
f 964 965 929
f 999 1000 963
f 963 1000 964
f 1060 1061 1001
f 1056 1057 1058
f 1054 1055 1056
f 1052 1053 1054
f 1049 1050 1051
f 1045 1046 1047
f 1043 1044 1045
f 1041 1042 1043
f 1039 1040 1041
f 1037 1038 1039
f 1035 1036 1037
f 1033 1034 1035
f 1031 1032 1033
f 1029 1030 1031
f 1023 1024 1025
f 1021 1022 1023
f 1019 1020 1021
f 1017 1018 1019
f 1014 1015 1016
f 1012 1013 1014
f 1010 1011 1012
f 1007 1008 1009
f 1004 1005 1006
f 1002 1003 1004
f 1060 1001 1002
f 1054 1056 1058
f 1051 1052 1054
f 1048 1049 1051
f 1043 1045 1047
f 1039 1041 1043
f 1033 1035 1037
f 1029 1031 1033
f 1023 1025 1026
f 1019 1021 1023
f 1012 1014 1016
f 1009 1010 1012
f 1004 1006 1007
f 1060 1002 1004
f 1051 1054 1058
f 1039 1043 1047
f 1029 1033 1037
f 1019 1023 1026
f 1009 1012 1016
f 1060 1004 1007
f 1048 1051 1058
f 1037 1039 1047
f 1028 1029 1037
f 1019 1026 1027
f 1007 1009 1016
f 1059 1060 1007
f 1047 1048 1058
f 1017 1019 1027
f 1047 1058 1059
f 1017 1027 1028
f 1047 1059 1007
f 1016 1017 1028
f 1037 1047 1007
f 1016 1028 1037
f 1037 1007 1016
f 1062 1122 1121
f 1119 1118 1117
f 1117 1116 1115
f 1115 1114 1113
f 1112 1111 1110
f 1108 1107 1106
f 1106 1105 1104
f 1104 1103 1102
f 1102 1101 1100
f 1100 1099 1098
f 1098 1097 1096
f 1096 1095 1094
f 1094 1093 1092
f 1092 1091 1090
f 1086 1085 1084
f 1084 1083 1082
f 1082 1081 1080
f 1080 1079 1078
f 1077 1076 1075
f 1075 1074 1073
f 1073 1072 1071
f 1070 1069 1068
f 1067 1066 1065
f 1065 1064 1063
f 1063 1062 1121
f 1119 1117 1115
f 1115 1113 1112
f 1112 1110 1109
f 1108 1106 1104
f 1104 1102 1100
f 1098 1096 1094
f 1094 1092 1090
f 1087 1086 1084
f 1084 1082 1080
f 1077 1075 1073
f 1073 1071 1070
f 1068 1067 1065
f 1065 1063 1121
f 1119 1115 1112
f 1108 1104 1100
f 1098 1094 1090
f 1087 1084 1080
f 1077 1073 1070
f 1068 1065 1121
f 1119 1112 1109
f 1108 1100 1098
f 1098 1090 1089
f 1088 1087 1080
f 1077 1070 1068
f 1068 1121 1120
f 1119 1109 1108
f 1088 1080 1078
f 1120 1119 1108
f 1089 1088 1078
f 1068 1120 1108
f 1089 1078 1077
f 1068 1108 1098
f 1098 1089 1077
f 1077 1068 1098
f 1062 1063 1001
f 1001 1063 1002
f 1063 1064 1002
f 1002 1064 1003
f 1064 1065 1003
f 1003 1065 1004
f 1065 1066 1004
f 1004 1066 1005
f 1066 1067 1005
f 1005 1067 1006
f 1067 1068 1006
f 1006 1068 1007
f 1068 1069 1007
f 1007 1069 1008
f 1069 1070 1008
f 1008 1070 1009
f 1070 1071 1009
f 1009 1071 1010
f 1071 1072 1010
f 1010 1072 1011
f 1072 1073 1011
f 1011 1073 1012
f 1073 1074 1012
f 1012 1074 1013
f 1074 1075 1013
f 1013 1075 1014
f 1075 1076 1014
f 1014 1076 1015
f 1076 1077 1015
f 1015 1077 1016
f 1077 1078 1016
f 1016 1078 1017
f 1078 1079 1017
f 1017 1079 1018
f 1079 1080 1018
f 1018 1080 1019
f 1080 1081 1019
f 1019 1081 1020
f 1081 1082 1020
f 1020 1082 1021
f 1082 1083 1021
f 1021 1083 1022
f 1083 1084 1022
f 1022 1084 1023
f 1084 1085 1023
f 1023 1085 1024
f 1085 1086 1024
f 1024 1086 1025
f 1086 1087 1025
f 1025 1087 1026
f 1087 1088 1026
f 1026 1088 1027
f 1088 1089 1027
f 1027 1089 1028
f 1089 1090 1028
f 1028 1090 1029
f 1090 1091 1029
f 1029 1091 1030
f 1091 1092 1030
f 1030 1092 1031
f 1092 1093 1031
f 1031 1093 1032
f 1093 1094 1032
f 1032 1094 1033
f 1094 1095 1033
f 1033 1095 1034
f 1095 1096 1034
f 1034 1096 1035
f 1096 1097 1035
f 1035 1097 1036
f 1097 1098 1036
f 1036 1098 1037
f 1098 1099 1037
f 1037 1099 1038
f 1099 1100 1038
f 1038 1100 1039
f 1100 1101 1039
f 1039 1101 1040
f 1101 1102 1040
f 1040 1102 1041
f 1102 1103 1041
f 1041 1103 1042
f 1103 1104 1042
f 1042 1104 1043
f 1104 1105 1043
f 1043 1105 1044
f 1105 1106 1044
f 1044 1106 1045
f 1106 1107 1045
f 1045 1107 1046
f 1107 1108 1046
f 1046 1108 1047
f 1108 1109 1047
f 1047 1109 1048
f 1109 1110 1048
f 1048 1110 1049
f 1110 1111 1049
f 1049 1111 1050
f 1111 1112 1050
f 1050 1112 1051
f 1112 1113 1051
f 1051 1113 1052
f 1113 1114 1052
f 1052 1114 1053
f 1114 1115 1053
f 1053 1115 1054
f 1115 1116 1054
f 1054 1116 1055
f 1116 1117 1055
f 1055 1117 1056
f 1117 1118 1056
f 1056 1118 1057
f 1118 1119 1057
f 1057 1119 1058
f 1119 1120 1058
f 1058 1120 1059
f 1120 1121 1059
f 1059 1121 1060
f 1122 1062 1061
f 1061 1062 1001
f 1121 1122 1060
f 1060 1122 1061
f 1125 1126 1123
f 1123 1124 1125
f 1127 1130 1129
f 1129 1128 1127
f 1127 1128 1123
f 1123 1128 1124
f 1128 1129 1124
f 1124 1129 1125
f 1130 1127 1126
f 1126 1127 1123
f 1129 1130 1125
f 1125 1130 1126
f 1153 1154 1131
f 1151 1152 1153
f 1149 1150 1151
f 1147 1148 1149
f 1145 1146 1147
f 1143 1144 1145
f 1141 1142 1143
f 1139 1140 1141
f 1137 1138 1139
f 1135 1136 1137
f 1133 1134 1135
f 1131 1132 1133
f 1151 1153 1131
f 1147 1149 1151
f 1143 1145 1147
f 1139 1141 1143
f 1135 1137 1139
f 1131 1133 1135
f 1147 1151 1131
f 1139 1143 1147
f 1131 1135 1139
f 1139 1147 1131
f 1155 1178 1177
f 1177 1176 1175
f 1175 1174 1173
f 1173 1172 1171
f 1171 1170 1169
f 1169 1168 1167
f 1167 1166 1165
f 1165 1164 1163
f 1163 1162 1161
f 1161 1160 1159
f 1159 1158 1157
f 1157 1156 1155
f 1155 1177 1175
f 1175 1173 1171
f 1171 1169 1167
f 1167 1165 1163
f 1163 1161 1159
f 1159 1157 1155
f 1155 1175 1171
f 1171 1167 1163
f 1163 1159 1155
f 1155 1171 1163
f 1155 1156 1131
f 1131 1156 1132
f 1156 1157 1132
f 1132 1157 1133
f 1157 1158 1133
f 1133 1158 1134
f 1158 1159 1134
f 1134 1159 1135
f 1159 1160 1135
f 1135 1160 1136
f 1160 1161 1136
f 1136 1161 1137
f 1161 1162 1137
f 1137 1162 1138
f 1162 1163 1138
f 1138 1163 1139
f 1163 1164 1139
f 1139 1164 1140
f 1164 1165 1140
f 1140 1165 1141
f 1165 1166 1141
f 1141 1166 1142
f 1166 1167 1142
f 1142 1167 1143
f 1167 1168 1143
f 1143 1168 1144
f 1168 1169 1144
f 1144 1169 1145
f 1169 1170 1145
f 1145 1170 1146
f 1170 1171 1146
f 1146 1171 1147
f 1171 1172 1147
f 1147 1172 1148
f 1172 1173 1148
f 1148 1173 1149
f 1173 1174 1149
f 1149 1174 1150
f 1174 1175 1150
f 1150 1175 1151
f 1175 1176 1151
f 1151 1176 1152
f 1176 1177 1152
f 1152 1177 1153
f 1178 1155 1154
f 1154 1155 1131
f 1177 1178 1153
f 1153 1178 1154

